{
  "head": "head",
  "portraitScale": 1.8,
  "portraitTranslation": [ 0, 1.5, 0 ],
  "profileScale": 0.8,
  "profileTranslation": [ 0, 0.9, 0 ],
  "faint": "bedrock(diancie_mega, faint, true)",
  "cry": "bedrock(diancie_mega, cry)",
  "poses": {
    "standing": {
      "poseName": "standing",
      "transformTicks": 10,
      "poseTypes": [
        "STAND",
        "NONE",
        "PORTRAIT",
        "PROFILE"
      ],
      "animations": [ "look", "bedrock(diancie_mega, air_idle)"],
		"quirks": [
          {
            "name": "blink",
            "animations": ["bedrock(diancie_mega, blink)"]
          }
		  
        ]
    },
    "walking": {
        "poseName": "walking",
        "transformTicks": 10,
        "poseTypes": [ "WALK" ],
        "animations": [ "bedrock(diancie_mega, air_walk)" 
		],
        "quirks": [
          {
            "name": "blink",
            "animations": ["bedrock(diancie_mega, blink)"]
          }
        ]
	},
	"floating": {
        "poseName": "floating",
        "transformTicks": 10,
        "poseTypes": [ "FLOAT" ],
        "animations": [ "look", "bedrock(diancie_mega, air_idle)"],
		"quirks": [
          {
            "name": "blink",
            "animations": ["bedrock(diancie_mega, blink)"]
          }
		  
        ]
	},
	"swimming": {
        "poseName": "swimming",
        "transformTicks": 10,
        "poseTypes": [ "SWIM" ],
        "animations": [ "bedrock(diancie_mega, air_walk)" 
		],
        "quirks": [
          {
            "name": "blink",
            "animations": ["bedrock(diancie_mega, blink)"]
          }
        ]
	},
	"battle-idle": {
        "poseName": "battle-idle",
        "transformTicks": 10,
        "poseTypes": [ "STAND" ],
        "animations": [ "bedrock(diancie_mega, air_idle)" 
		],
        "quirks": [
          {
            "name": "blink",
            "animations": ["bedrock(diancie_mega, blink)"]
          }
        ]
	},
	"flying": {
      "poseName": "flying",
      "transformTicks": 10,
      "poseTypes": [ "FLY" ],
      "animations": [ "bedrock(diancie_mega, air_walk)" 
	  ],
        "quirks": [
          {
            "name": "blink",
            "animations": ["bedrock(diancie_mega, blink)"]
          }
        ]
    },
	"sleeping": {
      "poseName": "sleeping",
      "transformTicks": 10,
      "poseTypes": [ "SLEEP" ],
      "animations": [ "bedrock(diancie_mega, sleep)" ]
    },
	"hovering": {
      "poseName": "hovering",
      "transformTicks": 10,
      "poseTypes": [ "HOVER" ],
      "animations": [ "bedrock(diancie_mega, air_idle)" 
	  ],
        "quirks": [
          {
            "name": "blink",
            "animations": ["bedrock(diancie_mega, blink)"]
          }
        ]
      }
    }
  }