{
    "head": "head",
    "portraitScale": 1.6,
    "portraitTranslation": [ -0.6, 3.5, 0 ],
    "profileScale": 0.35,
    "profileTranslation": [ 0.1, 1.3, -7 ],
    "poses": {
      "standing": {
        "poseName": "standing",
        "transformTicks": 10,
        "poseTypes": [
          "STAND",
          "NONE",
          "PORTRAIT",
          "PROFILE",
          "FLOAT",
          "SWIM"
        ],
        "animations": [
          "look",
          "bedrock(flygon, ground_idle)"
        ],
        "quirks": [
          {
            "name": "blink",
            "animations": ["bedrock(flygon, blink)"],
            "maxSecondsBetweenOccurrences": 60
          }
        ]
      },
      "walking": {
        "poseName": "walking",
        "transformTicks": 10,
        "poseTypes": [ "WALK" ],
        "animations": [ "bedrock(flygon, ground_walk)" ],
        "quirks": [
          {
            "name": "blink",
            "animations": ["bedrock(flygon, blink)"],
            "maxSecondsBetweenOccurrences": 60
          }
        ]
      },
      "sleeping": {
        "poseName": "sleeping",
        "transformTicks": 10,
        "poseTypes": ["SLEEP"],
        "animations": ["bedrock(flygon, sleep)"]
      },
      "hovering": {
        "poseName": "hovering",
        "transformTicks": 10,
        "poseTypes": ["HOVER"],
        "animations": ["bedrock(flygon, air_idle)"],
        "quirks": [
          {
            "name": "blink",
            "animations": ["bedrock(flygon, blink)"],
            "maxSecondsBetweenOccurrences": 60
          }
        ]
      },
      "flying": {
        "poseName": "flying",
        "transformTicks": 10,
        "poseTypes": ["FLY"],
        "animations": ["bedrock(flygon, air_walk)"],
        "quirks": [
          {
            "name": "blink",
            "animations": ["bedrock(flygon, blink)"],
            "maxSecondsBetweenOccurrences": 30
          }
        ]
      }
    }
}