{
    "head": "head",
    "portraitScale": 1.6,
    "portraitTranslation": [ -0.1, -0.5, 0 ],
    "profileScale": 0.6,
    "profileTranslation": [ 0, 0.9, 0 ],
    "poses": {
      "standing": {
        "poseName": "standing",
        "transformTicks": 10,
        "poseTypes": [
          "STAND",
          "NONE",
          "PORTRAIT",
          "PROFILE",
          "FLOAT",
          "SWIM"
        ],
        "animations": [
          "look",
          "bedrock(trapinch, ground_idle)"
        ],
        "quirks": [
          {
            "name": "blink",
            "animations": ["bedrock(trapinch, blink)"],
            "maxSecondsBetweenOccurrences": 60
          },

          {
            "name": "tilt",
            "animations": ["bedrock(trapinch, tilt)"],
            "maxSecondsBetweenOccurrences": 120
          }
        ]
      },
      "walking": {
        "poseName": "walking",
        "transformTicks": 10,
        "poseTypes": [ "WALK" ],
        "animations": [ "bedrock(trapinch, ground_walk)" ],
        "quirks": [
          {
            "name": "blink",
            "animations": ["bedrock(trapinch, blink)"],
            "maxSecondsBetweenOccurrences": 60
          }
        ]
      },
      "sleeping": {
        "poseName": "sleeping",
        "transformTicks": 10,
        "poseTypes": ["SLEEP"],
        "animations": ["bedrock(trapinch, sleep)"]
      }
    }
}