{
    "head": "head",
    "portraitScale": 1.8,
    "portraitTranslation": [ -0.3, 0.9, 0 ],
    "profileScale": 0.65,
    "profileTranslation": [ 0, 1.1, 0 ],
    "poses": {
      "standing": {
        "poseName": "standing",
        "transformTicks": 10,
        "poseTypes": [
          "STAND",
          "NONE",
          "PORTRAIT",
          "PROFILE",
          "FLOAT",
          "SWIM"
        ],
        "animations": [
          "look",
          "bedrock(vibrava, ground_idle)"
        ],
        "quirks": [
          {
            "name": "blink",
            "animations": ["bedrock(vibrava, blink)"],
            "maxSecondsBetweenOccurrences": 60
          }
        ]
      },
      "walking": {
        "poseName": "walking",
        "transformTicks": 10,
        "poseTypes": [ "WALK" ],
        "animations": [ "bedrock(vibrava, ground_walk)" ],
        "quirks": [
          {
            "name": "blink",
            "animations": ["bedrock(vibrava, blink)"],
            "maxSecondsBetweenOccurrences": 60
          }
        ]
      },
      "sleeping": {
        "poseName": "sleeping",
        "transformTicks": 10,
        "poseTypes": ["SLEEP"],
        "animations": ["bedrock(vibrava, sleep)"]
      },
      "hovering": {
        "poseName": "hovering",
        "transformTicks": 10,
        "poseTypes": ["HOVER"],
        "animations": ["bedrock(vibrava, air_idle)"],
        "quirks": [
          {
            "name": "blink",
            "animations": ["bedrock(vibrava, blink)"],
            "maxSecondsBetweenOccurrences": 60
          }
        ]
      },
      "flying": {
        "poseName": "flying",
        "transformTicks": 10,
        "poseTypes": ["FLY"],
        "animations": ["bedrock(vibrava, air_walk)"],
        "quirks": [
          {
            "name": "blink",
            "animations": ["bedrock(vibrava, blink)"],
            "maxSecondsBetweenOccurrences": 30
          }
        ]
      }
    }
}