{
	"format_version": "1.8.0",
	"animations": {
		"animation.vibrava.pose": {
			"loop": true,
			"bones": {
				"head": {
					"rotation": [35, 0, 0]
				},
				"body": {
					"rotation": [-50, 0, 0]
				},
				"tail": {
					"rotation": [-15, 0, 0]
				},
				"tail2": {
					"rotation": [-12.5, 0, 0]
				},
				"tail3": {
					"rotation": [-20, 0, 0]
				},
				"flap_left": {
					"rotation": [0, -47.5, 0]
				},
				"flap_right": {
					"rotation": [0, 37.5, 0]
				},
				"horn_left": {
					"rotation": [-7.5, 0, 0]
				},
				"horn_left2": {
					"rotation": [-7.5, 0, 0]
				},
				"horn_right": {
					"rotation": [-7.5, 0, 0]
				},
				"horn_right2": {
					"rotation": [-7.5, 0, 0]
				},
				"wing_left": {
					"rotation": [0, 0, -20]
				},
				"wing_left_front": {
					"rotation": [0, 37.5, 0]
				},
				"wing_left_back": {
					"rotation": [0, -27.5, 0]
				},
				"wing_right": {
					"rotation": [0, 0, 17.5]
				},
				"wing_right_front": {
					"rotation": [0, -35, 0]
				},
				"wing_right_back": {
					"rotation": [0, 35, 0]
				},
				"leg_left_front": {
					"rotation": [0, 0, 42.5]
				},
				"leg_left_front2": {
					"rotation": [0, 0, 52.5]
				},
				"fingerLFI": {
					"rotation": [0, 0, -25]
				},
				"fingerLFO": {
					"rotation": [0, 0, 27.5]
				},
				"fingerLFI2": {
					"rotation": [0, 0, -32.5]
				},
				"fingerLFO2": {
					"rotation": [0, 0, 22.5]
				},
				"leg_right_front": {
					"rotation": [0, 0, -47.5]
				},
				"leg_right_front2": {
					"rotation": [0, 0, -47.5]
				},
				"fingerRFO": {
					"rotation": [0, 0, -27.5]
				},
				"fingerRFO2": {
					"rotation": [0, 0, -35]
				},
				"fingerRFI": {
					"rotation": [0, 0, 37.5]
				},
				"fingerRFI2": {
					"rotation": [0, 0, 30]
				},
				"leg_right_back": {
					"rotation": [-15.02126, 13.35981, -49.26926]
				},
				"leg_right_back2": {
					"rotation": [0, 0, -55]
				},
				"fingerRBO2": {
					"rotation": [0, 0, -32.5]
				},
				"fingerRBO": {
					"rotation": [0, 0, -27.5]
				},
				"fingerRBI": {
					"rotation": [0, 0, 12.5]
				},
				"fingerRBI2": {
					"rotation": [0, 0, 27.5]
				},
				"leg_left_back": {
					"rotation": [0, -15, 40]
				},
				"leg_left_back2": {
					"rotation": [0, 0, 62.5]
				},
				"fingerLBO": {
					"rotation": [0, 0, 20]
				},
				"fingerLBO2": {
					"rotation": [0, 0, 32.5]
				},
				"fingerLBI": {
					"rotation": [0, 0, -22.5]
				},
				"fingerLBI2": {
					"rotation": [0, 0, -22.5]
				}
			}
		},
		"animation.vibrava.ground_idle": {
			"loop": true,
			"bones": {
				"tail": {
					"rotation": ["5-math.sin(query.anim_time*90*2-10)", 0, 0]
				},
				"tail2": {
					"rotation": ["5-math.sin(query.anim_time*90*2-20)", 0, 0]
				},
				"tail3": {
					"rotation": ["10-math.sin(query.anim_time*90*2-30)", 0, 0]
				},
				"flap_right": {
					"rotation": [0, 40, 0]
				},
				"flap_left": {
					"rotation": [0, -40, 0]
				},
				"leg_left_front": {
					"rotation": [0, 0, "42.5+math.sin(query.anim_time*90*2)*2"]
				},
				"leg_left_front2": {
					"rotation": [0, 0, "75-math.sin(query.anim_time*90*2)*5"]
				},
				"fingerLFO": {
					"rotation": [0, 0, 20]
				},
				"fingerLFO2": {
					"rotation": [0, 0, 20]
				},
				"fingerLFI": {
					"rotation": [0, 0, -20]
				},
				"fingerLFI2": {
					"rotation": [0, 0, -20]
				},
				"leg_right_front": {
					"rotation": [0, 0, "-40-math.sin(query.anim_time*90*2)*2"]
				},
				"leg_right_front2": {
					"rotation": [0, 0, "-72.5+math.sin(query.anim_time*90*2)*5"]
				},
				"fingerRFO": {
					"rotation": [0, 0, -20]
				},
				"fingerRFO2": {
					"rotation": [0, 0, -20]
				},
				"fingerRFI": {
					"rotation": [0, 0, 20]
				},
				"fingerRFI2": {
					"rotation": [0, 0, 20]
				},
				"leg_right_back": {
					"rotation": [0, 0, "-45-math.sin(query.anim_time*90*2-50)*2"]
				},
				"leg_right_back2": {
					"rotation": [0, 0, "-60+math.sin(query.anim_time*90*2-50)*5"]
				},
				"fingerRBO2": {
					"rotation": [0, 0, -20]
				},
				"fingerRBO": {
					"rotation": [0, 0, -20]
				},
				"fingerRBI": {
					"rotation": [0, 0, 20]
				},
				"fingerRBI2": {
					"rotation": [0, 0, 20]
				},
				"leg_left_back": {
					"rotation": [0, 0, "50+math.sin(query.anim_time*90*2-50)*2"]
				},
				"leg_left_back2": {
					"rotation": [0, 0, "57.5-math.sin(query.anim_time*90*2-50)*5"]
				},
				"fingerLBO": {
					"rotation": [0, 0, 20]
				},
				"fingerLBO2": {
					"rotation": [0, 0, 20]
				},
				"fingerLBI": {
					"rotation": [0, 0, -20]
				},
				"fingerLBI2": {
					"rotation": [0, 0, -20]
				},
				"wing_left": {
					"rotation": [0, 0, -10]
				},
				"wing_left_front": {
					"rotation": [0, 30, "math.sin(query.anim_time*90*30)*25"]
				},
				"wing_left_back": {
					"rotation": [0, -30, "-math.sin(query.anim_time*90*30)*25"]
				},
				"wing_right": {
					"rotation": [0, 0, 10]
				},
				"wing_right_front": {
					"rotation": [0, -30, "-math.sin(query.anim_time*90*30)*25"]
				},
				"wing_right_back": {
					"rotation": [2.5, 30, "0+math.sin(query.anim_time*90*30)*25"]
				},
				"head": {
					"rotation": ["5-math.sin(query.anim_time*90*2-40)*3", 0, 0]
				},
				"horn_left": {
					"rotation": [-7.5, 0, 0]
				},
				"horn_left2": {
					"rotation": [-5, 0, 0]
				},
				"horn_right": {
					"rotation": [-7.5, 0, 0]
				},
				"horn_right2": {
					"rotation": [-5, 0, 0]
				},
				"body": {
					"rotation": ["-2.5-math.sin(query.anim_time*90*2)", 0, "math.sin(query.anim_time*90*1)*3"],
					"position": ["math.sin(query.anim_time*90*1)*1", "math.sin(query.anim_time*90*2)*0.5", 0]
				}
			}
		},
		"animation.vibrava.air_idle": {
			"loop": true,
			"bones": {
				"tail": {
					"rotation": ["5-math.sin(query.anim_time*90*2-10)", 0, 0]
				},
				"tail2": {
					"rotation": ["5-math.sin(query.anim_time*90*2-20)", 0, 0]
				},
				"tail3": {
					"rotation": ["10-math.sin(query.anim_time*90*2-30)", 0, 0]
				},
				"flap_right": {
					"rotation": [0, 40, 0]
				},
				"flap_left": {
					"rotation": [0, -40, 0]
				},
				"leg_left_front": {
					"rotation": [0, 0, "42.5+math.sin(query.anim_time*90*2)*2"]
				},
				"leg_left_front2": {
					"rotation": [0, 0, "75-math.sin(query.anim_time*90*2)*5"]
				},
				"fingerLFO": {
					"rotation": [0, 0, 20]
				},
				"fingerLFO2": {
					"rotation": [0, 0, 20]
				},
				"fingerLFI": {
					"rotation": [0, 0, -20]
				},
				"fingerLFI2": {
					"rotation": [0, 0, -20]
				},
				"leg_right_front": {
					"rotation": [0, 0, "-40-math.sin(query.anim_time*90*2)*2"]
				},
				"leg_right_front2": {
					"rotation": [0, 0, "-72.5+math.sin(query.anim_time*90*2)*5"]
				},
				"fingerRFO": {
					"rotation": [0, 0, -20]
				},
				"fingerRFO2": {
					"rotation": [0, 0, -20]
				},
				"fingerRFI": {
					"rotation": [0, 0, 20]
				},
				"fingerRFI2": {
					"rotation": [0, 0, 20]
				},
				"leg_right_back": {
					"rotation": [0, 0, "-45-math.sin(query.anim_time*90*2-50)*2"]
				},
				"leg_right_back2": {
					"rotation": [0, 0, "-60+math.sin(query.anim_time*90*2-50)*5"]
				},
				"fingerRBO2": {
					"rotation": [0, 0, -20]
				},
				"fingerRBO": {
					"rotation": [0, 0, -20]
				},
				"fingerRBI": {
					"rotation": [0, 0, 20]
				},
				"fingerRBI2": {
					"rotation": [0, 0, 20]
				},
				"leg_left_back": {
					"rotation": [0, 0, "50+math.sin(query.anim_time*90*2-50)*2"]
				},
				"leg_left_back2": {
					"rotation": [0, 0, "57.5-math.sin(query.anim_time*90*2-50)*5"]
				},
				"fingerLBO": {
					"rotation": [0, 0, 20]
				},
				"fingerLBO2": {
					"rotation": [0, 0, 20]
				},
				"fingerLBI": {
					"rotation": [0, 0, -20]
				},
				"fingerLBI2": {
					"rotation": [0, 0, -20]
				},
				"wing_left": {
					"rotation": [0, 0, -10]
				},
				"wing_left_front": {
					"rotation": [0, 30, "math.sin(query.anim_time*90*30)*25"]
				},
				"wing_left_back": {
					"rotation": [0, -30, "-math.sin(query.anim_time*90*30)*25"]
				},
				"wing_right": {
					"rotation": [0, 0, 10]
				},
				"wing_right_front": {
					"rotation": [0, -30, "-math.sin(query.anim_time*90*30)*25"]
				},
				"wing_right_back": {
					"rotation": [2.5, 30, "0+math.sin(query.anim_time*90*30)*25"]
				},
				"head": {
					"rotation": ["5-math.sin(query.anim_time*90*2-40)*3", 0, 0]
				},
				"horn_left": {
					"rotation": [-7.5, 0, 0]
				},
				"horn_left2": {
					"rotation": [-5, 0, 0]
				},
				"horn_right": {
					"rotation": [-7.5, 0, 0]
				},
				"horn_right2": {
					"rotation": [-5, 0, 0]
				},
				"body": {
					"rotation": ["-2.5-math.sin(query.anim_time*90*2)", 0, "math.sin(query.anim_time*90*1)*3"],
					"position": ["math.sin(query.anim_time*90*1)*1", "math.sin(query.anim_time*90*2)*0.5", 0]
				}
			}
		},
		"animation.vibrava.ground_walk": {
			"loop": true,
			"bones": {
				"tail": {
					"rotation": ["5-math.sin(query.anim_time*90*2-10)", 0, 0]
				},
				"tail2": {
					"rotation": ["5-math.sin(query.anim_time*90*2-20)*1.5", 0, 0]
				},
				"tail3": {
					"rotation": ["10-math.sin(query.anim_time*90*2-30)*1.5", 0, 0]
				},
				"flap_right": {
					"rotation": [0, 40, 0]
				},
				"flap_left": {
					"rotation": [0, -40, 0]
				},
				"leg_left_front": {
					"rotation": [0, 0, "42.5+math.sin(query.anim_time*90*2)*4"]
				},
				"leg_left_front2": {
					"rotation": [0, 0, "75-math.sin(query.anim_time*90*2)*5"]
				},
				"fingerLFO": {
					"rotation": [0, 0, 20]
				},
				"fingerLFO2": {
					"rotation": [0, 0, 20]
				},
				"fingerLFI": {
					"rotation": [0, 0, -20]
				},
				"fingerLFI2": {
					"rotation": [0, 0, -20]
				},
				"leg_right_front": {
					"rotation": [0, 0, "-40-math.sin(query.anim_time*90*2)*4"]
				},
				"leg_right_front2": {
					"rotation": [0, 0, "-72.5+math.sin(query.anim_time*90*2)*5"]
				},
				"fingerRFO": {
					"rotation": [0, 0, -20]
				},
				"fingerRFO2": {
					"rotation": [0, 0, -20]
				},
				"fingerRFI": {
					"rotation": [0, 0, 20]
				},
				"fingerRFI2": {
					"rotation": [0, 0, 20]
				},
				"leg_right_back": {
					"rotation": [0, 0, "-45-math.sin(query.anim_time*90*2-50)*4"]
				},
				"leg_right_back2": {
					"rotation": [0, 0, "-60+math.sin(query.anim_time*90*2-50)*5"]
				},
				"fingerRBO2": {
					"rotation": [0, 0, -20]
				},
				"fingerRBO": {
					"rotation": [0, 0, -20]
				},
				"fingerRBI": {
					"rotation": [0, 0, 20]
				},
				"fingerRBI2": {
					"rotation": [0, 0, 20]
				},
				"leg_left_back": {
					"rotation": [0, 0, "50+math.sin(query.anim_time*90*2-50)*4"]
				},
				"leg_left_back2": {
					"rotation": [0, 0, "57.5-math.sin(query.anim_time*90*2-50)*5"]
				},
				"fingerLBO": {
					"rotation": [0, 0, 20]
				},
				"fingerLBO2": {
					"rotation": [0, 0, 20]
				},
				"fingerLBI": {
					"rotation": [0, 0, -20]
				},
				"fingerLBI2": {
					"rotation": [0, 0, -20]
				},
				"wing_left": {
					"rotation": [0, 0, -10]
				},
				"wing_left_front": {
					"rotation": [0, 30, "math.sin(query.anim_time*90*30)*25"]
				},
				"wing_left_back": {
					"rotation": [0, -30, "-math.sin(query.anim_time*90*30)*25"]
				},
				"wing_right": {
					"rotation": [0, 0, 10]
				},
				"wing_right_front": {
					"rotation": [0, -30, "-math.sin(query.anim_time*90*30)*25"]
				},
				"wing_right_back": {
					"rotation": [2.5, 30, "0+math.sin(query.anim_time*90*30)*25"]
				},
				"head": {
					"rotation": ["5-math.sin(query.anim_time*90*2-40)*3", 0, 0]
				},
				"horn_left": {
					"rotation": [-7.5, 0, 0]
				},
				"horn_left2": {
					"rotation": [-5, 0, 0]
				},
				"horn_right": {
					"rotation": [-7.5, 0, 0]
				},
				"horn_right2": {
					"rotation": [-5, 0, 0]
				},
				"body": {
					"rotation": ["2.5-math.sin(query.anim_time*90*2)*2", 0, "math.sin(query.anim_time*90*1)*3"],
					"position": ["math.sin(query.anim_time*90*1)*1", "math.sin(query.anim_time*90*2)*0.8", "-math.sin(query.anim_time*90*2-60)*0.5"]
				}
			}
		},
		"animation.vibrava.air_walk": {
			"loop": true,
			"bones": {
				"tail": {
					"rotation": ["5-math.sin(query.anim_time*90*2-10)", 0, 0]
				},
				"tail2": {
					"rotation": ["5-math.sin(query.anim_time*90*2-20)*1.5", 0, 0]
				},
				"tail3": {
					"rotation": ["10-math.sin(query.anim_time*90*2-30)*1.5", 0, 0]
				},
				"flap_right": {
					"rotation": [0, 40, 0]
				},
				"flap_left": {
					"rotation": [0, -40, 0]
				},
				"leg_left_front": {
					"rotation": [0, 0, "42.5+math.sin(query.anim_time*90*2)*4"]
				},
				"leg_left_front2": {
					"rotation": [0, 0, "75-math.sin(query.anim_time*90*2)*5"]
				},
				"fingerLFO": {
					"rotation": [0, 0, 20]
				},
				"fingerLFO2": {
					"rotation": [0, 0, 20]
				},
				"fingerLFI": {
					"rotation": [0, 0, -20]
				},
				"fingerLFI2": {
					"rotation": [0, 0, -20]
				},
				"leg_right_front": {
					"rotation": [0, 0, "-40-math.sin(query.anim_time*90*2)*4"]
				},
				"leg_right_front2": {
					"rotation": [0, 0, "-72.5+math.sin(query.anim_time*90*2)*5"]
				},
				"fingerRFO": {
					"rotation": [0, 0, -20]
				},
				"fingerRFO2": {
					"rotation": [0, 0, -20]
				},
				"fingerRFI": {
					"rotation": [0, 0, 20]
				},
				"fingerRFI2": {
					"rotation": [0, 0, 20]
				},
				"leg_right_back": {
					"rotation": [0, 0, "-45-math.sin(query.anim_time*90*2-50)*4"]
				},
				"leg_right_back2": {
					"rotation": [0, 0, "-60+math.sin(query.anim_time*90*2-50)*5"]
				},
				"fingerRBO2": {
					"rotation": [0, 0, -20]
				},
				"fingerRBO": {
					"rotation": [0, 0, -20]
				},
				"fingerRBI": {
					"rotation": [0, 0, 20]
				},
				"fingerRBI2": {
					"rotation": [0, 0, 20]
				},
				"leg_left_back": {
					"rotation": [0, 0, "50+math.sin(query.anim_time*90*2-50)*4"]
				},
				"leg_left_back2": {
					"rotation": [0, 0, "57.5-math.sin(query.anim_time*90*2-50)*5"]
				},
				"fingerLBO": {
					"rotation": [0, 0, 20]
				},
				"fingerLBO2": {
					"rotation": [0, 0, 20]
				},
				"fingerLBI": {
					"rotation": [0, 0, -20]
				},
				"fingerLBI2": {
					"rotation": [0, 0, -20]
				},
				"wing_left": {
					"rotation": [0, 0, -10]
				},
				"wing_left_front": {
					"rotation": [0, 30, "math.sin(query.anim_time*90*30)*25"]
				},
				"wing_left_back": {
					"rotation": [0, -30, "-math.sin(query.anim_time*90*30)*25"]
				},
				"wing_right": {
					"rotation": [0, 0, 10]
				},
				"wing_right_front": {
					"rotation": [0, -30, "-math.sin(query.anim_time*90*30)*25"]
				},
				"wing_right_back": {
					"rotation": [2.5, 30, "0+math.sin(query.anim_time*90*30)*25"]
				},
				"head": {
					"rotation": ["5-math.sin(query.anim_time*90*2-40)*3", 0, 0]
				},
				"horn_left": {
					"rotation": [-7.5, 0, 0]
				},
				"horn_left2": {
					"rotation": [-5, 0, 0]
				},
				"horn_right": {
					"rotation": [-7.5, 0, 0]
				},
				"horn_right2": {
					"rotation": [-5, 0, 0]
				},
				"body": {
					"rotation": ["2.5-math.sin(query.anim_time*90*2)*2", 0, "math.sin(query.anim_time*90*1)*3"],
					"position": ["math.sin(query.anim_time*90*1)*1", "math.sin(query.anim_time*90*2)*0.8", "-math.sin(query.anim_time*90*2-60)*0.5"]
				}
			}
		},
		"animation.vibrava.sleep": {
			"loop": true,
			"bones": {
				"body": {
					"rotation": [0, -10, 0],
					"position": [0, -21, 0]
				},
				"tail": {
					"rotation": [-7.85952, 17.34551, -2.35666]
				},
				"tail2": {
					"rotation": [0, 20, 0]
				},
				"tail3": {
					"rotation": [2.81797, 27.47162, 1.30078]
				},
				"flap_right": {
					"rotation": [0, 47.5, 0]
				},
				"flap_left": {
					"rotation": [0, -47.5, 0]
				},
				"leg_left_front": {
					"rotation": [-80, 0, 17.5]
				},
				"leg_left_front2": {
					"rotation": [0.64019, -1.75309, 108.32671]
				},
				"fingerLFO": {
					"rotation": [0, 0, 42.5]
				},
				"fingerLFO2": {
					"rotation": [0, 0, 47.5]
				},
				"fingerLFI": {
					"rotation": [0, 0, -77.5]
				},
				"fingerLFI2": {
					"rotation": [0, 0, -45]
				},
				"leg_right_front": {
					"rotation": [-80, 0, -17.5]
				},
				"leg_right_front2": {
					"rotation": [0, 0, -102.5]
				},
				"fingerRFO": {
					"rotation": [0, 0, -52.5]
				},
				"fingerRFO2": {
					"rotation": [0, 0, -57.5]
				},
				"fingerRFI": {
					"rotation": [0, 0, 50]
				},
				"fingerRFI2": {
					"rotation": [0, 0, 52.5]
				},
				"leg_right_back": {
					"rotation": [75.89293, 49.73121, -17.80614]
				},
				"leg_right_back2": {
					"rotation": [0, 0, -62.5]
				},
				"fingerRBO2": {
					"rotation": [0, 0, -27.5]
				},
				"fingerRBO": {
					"rotation": [0, 0, -35]
				},
				"fingerRBI": {
					"rotation": [0, 0, 72.5]
				},
				"fingerRBI2": {
					"rotation": [0, 0, 25]
				},
				"leg_left_back": {
					"rotation": [77.93162, -26.12797, 8.89674]
				},
				"leg_left_back2": {
					"rotation": [0, 0, 52.5]
				},
				"fingerLBO": {
					"rotation": [0, 0, 47.5]
				},
				"fingerLBO2": {
					"rotation": [0, 0, 35]
				},
				"fingerLBI": {
					"rotation": [0, 0, -37.5]
				},
				"fingerLBI2": {
					"rotation": [0, 0, -27.5]
				},
				"wing_left": {
					"rotation": [13.45741, -27.29092, -2.48727]
				},
				"wing_left_front": {
					"rotation": [-3.61644, -19.6835, 10.62758]
				},
				"wing_left_back": {
					"rotation": [-12.2127, -43.65747, 17.40744]
				},
				"wing_right": {
					"rotation": [15, 37.5, 0]
				},
				"wing_right_front": {
					"rotation": [-3.13388, 17.22575, -10.47479]
				},
				"wing_right_back": {
					"rotation": [-8.61775, 34.05444, -15.14371]
				},
				"horn_left": {
					"rotation": [2.5, 0, 0]
				},
				"horn_left2": {
					"rotation": [-7.5, 0, 0]
				},
				"horn_right": {
					"rotation": [2.5, 0, 0]
				},
				"horn_right2": {
					"rotation": [-7.5, 0, 0]
				},
				"eye_left": {
					"position": [-2, 0, 0]
				},
				"eye_right": {
					"position": [1, 0, 0]
				}
			}
		},
		"animation.vibrava.wigglewiggle": {
			"loop": true,
			"bones": {
				"body": {
					"rotation": ["math.sin(query.anim_time*90*4-40)*7", 0, 0]
				},
				"tail": {
					"rotation": ["math.sin(query.anim_time*90*4-80)*5", 0, 0]
				},
				"tail2": {
					"rotation": ["math.sin(query.anim_time*90*4-120)*5", 0, 0]
				},
				"tail3": {
					"rotation": ["math.sin(query.anim_time*90*4-160)*5", 0, 0]
				},
				"head": {
					"rotation": ["math.sin(query.anim_time*90*4)*6", 0, 0]
				}
			}
		},
		"animation.vibrava.blink": {
			"animation_length": 0.16667,
			"bones": {
				"eye_left": {
					"position": {
						"0.0": [-1, 0, 0],
						"0.125": [-1, 0, 0],
						"0.1667": [0, 0, 0]
					}
				},
				"eye_right": {
					"position": {
						"0.0": [1, 0, 0],
						"0.125": [1, 0, 0],
						"0.1667": [0, 0, 0]
					}
				}
			}
		}
	}
}