{
	"format_version": "1.12.0",
	"minecraft:geometry": [
		{
			"description": {
				"identifier": "geometry.trapinch",
				"texture_width": 64,
				"texture_height": 64,
				"visible_bounds_width": 2,
				"visible_bounds_height": 2.5,
				"visible_bounds_offset": [0, 0.75, 0]
			},
			"bones": [
				{
					"name": "trapinch",
					"pivot": [0, 0, 0]
				},
				{
					"name": "body",
					"parent": "trapinch",
					"pivot": [0, 5.5, 3.5],
					"cubes": [
						{"origin": [-3.5, 4, -0.5], "size": [7, 5, 8], "uv": [0, 27]}
					]
				},
				{
					"name": "head",
					"parent": "body",
					"pivot": [0, 7, -1]
				},
				{
					"name": "bottom_jaw",
					"parent": "head",
					"pivot": [0.5, 9, -3],
					"cubes": [
						{"origin": [-4.501, 6, -11], "size": [0, 3, 10], "uv": [29, 5]},
						{"origin": [-4.5, 5, -11], "size": [9, 1, 11], "uv": [0, 15]},
						{"origin": [4.501, 6, -11], "size": [0, 3, 10], "uv": [29, 8]},
						{"origin": [-4.5, 6, -11], "size": [9, 3, 0], "uv": [30, 33]},
						{"origin": [-4.5, 6, -3], "size": [9, 3, 3], "inflate": 0.005, "uv": [29, 0]}
					]
				},
				{
					"name": "top_jaw",
					"parent": "head",
					"pivot": [0.5, 9, -3],
					"cubes": [
						{"origin": [-4.5, 7, -11], "size": [0, 3, 10], "uv": [22, 17]},
						{"origin": [4.5, 7, -11], "size": [0, 3, 10], "uv": [22, 20]},
						{"origin": [-4.5, 7, -11], "size": [9, 3, 0], "uv": [29, 21]},
						{"origin": [-4.5, 10, -11], "size": [9, 4, 11], "inflate": 0.01, "uv": [0, 0]},
						{"origin": [-4.5, 9, -3], "size": [9, 1, 3], "inflate": 0.001, "uv": [29, 6]}
					]
				},
				{
					"name": "eye_right",
					"parent": "top_jaw",
					"pivot": [-4.5025, 10.5, -3.5],
					"cubes": [
						{"origin": [-4.513, 10, -4], "size": [0, 1, 1], "pivot": [-3.503, 10.5, -3.5], "rotation": [-45, 0, 0], "uv": [0, 0]},
						{"origin": [-4.512, 9.5, -4.5], "size": [0, 2, 2], "uv": [6, 3]}
					]
				},
				{
					"name": "eye_left",
					"parent": "top_jaw",
					"pivot": [4.5025, 10.5, -3.5],
					"cubes": [
						{"origin": [4.513, 10, -4], "size": [0, 1, 1], "pivot": [4.503, 10.5, -3.5], "rotation": [-45, 0, 0], "uv": [0, 4]},
						{"origin": [4.512, 9.5, -4.5], "size": [0, 2, 2], "uv": [6, 13]}
					]
				},
				{
					"name": "closed_eye_right",
					"parent": "top_jaw",
					"pivot": [-2.502, 10, -3.5],
					"cubes": [
						{"origin": [-3.512, 9.5, -4.5], "size": [0, 1, 2], "uv": [0, 39]}
					]
				},
				{
					"name": "closed_eye_left",
					"parent": "top_jaw",
					"pivot": [3.502, 10, -3.5],
					"cubes": [
						{"origin": [3.512, 9.5, -4.5], "size": [0, 1, 2], "uv": [0, 39], "mirror": true}
					]
				},
				{
					"name": "back_left_leg",
					"parent": "body",
					"pivot": [2.5, 4.5, 6],
					"cubes": [
						{"origin": [2, 2, 5], "size": [2, 3, 2], "uv": [0, 0]}
					]
				},
				{
					"name": "back_left_leg2",
					"parent": "back_left_leg",
					"pivot": [4, 2, 6],
					"cubes": [
						{"origin": [2, 0, 5], "size": [2, 2, 2], "inflate": 0.01, "uv": [0, 27]}
					]
				},
				{
					"name": "back_right_leg",
					"parent": "body",
					"pivot": [-2.5, 4.5, 6],
					"cubes": [
						{"origin": [-4, 2, 5], "size": [2, 3, 2], "uv": [0, 5]}
					]
				},
				{
					"name": "back_right_leg2",
					"parent": "back_right_leg",
					"pivot": [-4, 2, 6],
					"cubes": [
						{"origin": [-4, 0, 5], "size": [2, 2, 2], "inflate": 0.01, "uv": [0, 31]}
					]
				},
				{
					"name": "front_right_leg",
					"parent": "body",
					"pivot": [-2.5, 4.5, 1],
					"cubes": [
						{"origin": [-4, 2, 0], "size": [2, 3, 2], "uv": [0, 15]}
					]
				},
				{
					"name": "front_right_leg2",
					"parent": "front_right_leg",
					"pivot": [-4, 2, 1],
					"cubes": [
						{"origin": [-4, 0, 0], "size": [2, 2, 2], "inflate": 0.01, "uv": [30, 36]}
					]
				},
				{
					"name": "front_left_leg",
					"parent": "body",
					"pivot": [2.5, 4.5, 1],
					"cubes": [
						{"origin": [2, 2, 0], "size": [2, 3, 2], "uv": [0, 20]}
					]
				},
				{
					"name": "front_left_leg2",
					"parent": "front_left_leg",
					"pivot": [4, 2, 1],
					"cubes": [
						{"origin": [2, 0, 0], "size": [2, 2, 2], "inflate": 0.01, "uv": [36, 38]}
					]
				}
			]
		}
	]
}