{
  "enabled": true,
  "neededInstalledMods": [],
  "neededUninstalledMods": [],
  "spawns": [
    {
      "id": "ironleaves-1",
      "pokemon": "ironleaves",
	  "presets": [
                "natural"
            ],
      "type": "pokemon",
      "context": "grounded",
      "bucket": "ultra-rare",
      "level": "50-70",
      "weight": 0.5,
      "condition": {
        "biomes": [ 
          "#cobblemon:floral"
         ]  
      }
    },
    {
      "id": "ironleaves-2",
      "pokemon": "ironleaves",
      "presets": [
        "natural"
    ],
      "type": "pokemon",
      "context": "grounded",
      "bucket": "ultra-rare",
      "level": "50-70",
      "weight": 0.8,
      "condition": {
        "biomes": [ 
          "#minecraft:is_end"
         ]  
      }
    }
  ]
}