{
  "enabled": true,
  "neededInstalledMods": [],
  "neededUninstalledMods": [],
  "spawns": [
    {
      "id": "marshadow-1",
      "pokemon": "marshadow",
	  "presets": [
                "natural"
            ],
      "type": "pokemon",
      "context": "grounded",
      "bucket": "ultra-rare",
      "level": "50-55",
      "weight": 0.05,
      "condition": {
        "canSeeSky": false,
        "biomes": [ 
          "minecraft:deep_dark"
         ]  
      }
    }
  ]
}