{
  "enabled": true,
  "neededInstalledMods": [],
  "neededUninstalledMods": [],
  "spawns": [
    {
      "id": "meloetta-1",
      "pokemon": "meloetta",
	  "presets": [
                "natural"
            ],
      "type": "pokemon",
      "context": "grounded",
      "bucket": "rare",
      "level": "50-55",
      "weight": 1.0,
      "condition": {
        "biomes": [ 
          "minecraft:meadow",
          "minecraft:sunflower_plains"
       ]  
      }
    }
  ]
}