{
  "enabled": true,
  "neededInstalledMods": [],
  "neededUninstalledMods": [],
  "spawns": [
    {
      "id": "mew-1",
      "pokemon": "mew",
	  "presets": [
                "natural"
            ],
      "type": "pokemon",
      "context": "grounded",
      "bucket": "ultra-rare",
      "level": "55-60",
      "weight": 0.5,
      "condition": {
        "canSeeSky": true,
        "biomes": [ 
          "#cobblemon:is_floral", 
          "#cobblemon:is_jungle" 
        ],
        "timeRange": "noon",
        "isRaining": false
      }
    }
  ]
}