{
   "enabled":true,
   "neededInstalledMods":[],
   "neededUninstalledMods":[],
   "spawns":[
      {
         "id":"mewtwo-1",
         "pokemon":"mewtwo",
         "presets":[
            "natural"
         ],
         "type":"pokemon",
         "context":"grounded",
         "bucket":"ultra-rare",
         "level":"70",
         "weight":0.2,
         "condition":{
            "biomes":[
               "#cobblemon:is_overworld"
            ],
            "timeRange":"afternoon",
            "neededBaseBlocks":[
               "minecraft:grass_block"
            ]
       },
            "anticondition": {
                "biomes": [
                    "#cobblemon:is_ocean"
                ]
            }
        }
    ]
}