{
    "enabled": true,
    "neededInstalledMods": [],
    "neededUninstalledMods": [],
    "spawns": [
        {
            "id": "yveltal-1",
            "pokemon": "yveltal",
			"presets": [
                "natural"
            ],
            "type": "pokemon",
            "context": "grounded",
            "bucket": "ultra-rare",
            "level": "70",
            "weight": 0.5,
            "condition": {
                "biomes": [
                    "#cobblemon:is_spooky"
                ],
                "timeRange": "night"
			}
		}
    ]
}