{
    "enabled": true,
    "neededInstalledMods": [],
    "neededUninstalledMods": [],
    "spawns": [
        {
            "id": "zoroark-1",
            "pokemon": "zoroark",
			"presets": [
                "natural"
            ],
            "type": "pokemon",
            "context": "grounded",
            "bucket": "rare",
            "level": "35-47",
            "weight": 1,
            "condition": {
                "canSeeSky": true,
                "biomes": [
                    "#cobblemon:is_spooky",
                    "#cobblemon:is_plains",
                    "#cobblemon:is_taiga"
                ],
                "timeRange": "night"
			}
		}
    ]
}