{
	"format_version": "1.12.0",
	"minecraft:geometry": [
		{
			"description": {
				"identifier": "geometry.axew",
				"texture_width": 32,
				"texture_height": 32,
				"visible_bounds_width": 2,
				"visible_bounds_height": 2.5,
				"visible_bounds_offset": [0, 0.75, 0]
			},
			"bones": [
				{
					"name": "axew",
					"pivot": [0, 0, 0]
				},
				{
					"name": "body",
					"parent": "axew",
					"pivot": [0, 0, 0]
				},
				{
					"name": "torso",
					"parent": "body",
					"pivot": [0, 2, -1],
					"cubes": [
						{"origin": [-2, 1, -2], "size": [4, 5, 4], "uv": [0, 13]}
					]
				},
				{
					"name": "head",
					"parent": "torso",
					"pivot": [0, 6, 0],
					"cubes": [
						{"origin": [-2, 6, -4], "size": [4, 4, 6], "uv": [0, 0]},
						{"origin": [-0.5, 9, 4], "size": [1, 5, 1], "pivot": [0.5, 12.5, 0.5], "rotation": [-57.5, 0, 0], "uv": [0, 0]},
						{"origin": [-5, 6.5, -3], "size": [10, 0, 3], "uv": [0, 10]},
						{"origin": [-0.5, 9, 2], "size": [1, 6, 2], "pivot": [0.5, 12.5, 0.5], "rotation": [-57.5, 0, 0], "uv": [16, 13]},
						{"origin": [0, 9, 2], "size": [0, 6, 3], "pivot": [0.5, 12.5, 0.5], "rotation": [-57.5, 0, 0], "uv": [26, 23]}
					]
				},
				{
					"name": "eyeR",
					"parent": "head",
					"pivot": [-2, 8, -1],
					"cubes": [
						{"origin": [-2.02, 7, -2], "size": [0, 2, 2], "uv": [0, 11], "mirror": true}
					]
				},
				{
					"name": "eyeL",
					"parent": "head",
					"pivot": [2, 8, -1],
					"cubes": [
						{"origin": [2.02, 7, -2], "size": [0, 2, 2], "uv": [0, 11]}
					]
				},
				{
					"name": "armL",
					"parent": "torso",
					"pivot": [2, 5, -2],
					"rotation": [-30, 0, 0],
					"cubes": [
						{"origin": [1, 3, -2], "size": [1, 2, 1], "inflate": 0.1, "uv": [12, 13]}
					]
				},
				{
					"name": "armR",
					"parent": "torso",
					"pivot": [-2, 5, -2],
					"rotation": [-30, 0, 0],
					"cubes": [
						{"origin": [-2, 3, -2], "size": [1, 2, 1], "inflate": 0.1, "uv": [15, 21]}
					]
				},
				{
					"name": "tail",
					"parent": "torso",
					"pivot": [0, 2, 1],
					"cubes": [
						{"origin": [-1, 1, 1], "size": [2, 2, 3], "uv": [14, 0]}
					]
				},
				{
					"name": "legR",
					"parent": "body",
					"pivot": [-2, 3, 0],
					"cubes": [
						{"origin": [-3, 0, -1], "size": [1, 1, 2], "uv": [21, 11]},
						{"origin": [-3, 1, -2], "size": [1, 3, 3], "uv": [19, 18]}
					]
				},
				{
					"name": "legL",
					"parent": "body",
					"pivot": [2, 3, 0],
					"cubes": [
						{"origin": [2, 0, -1], "size": [1, 1, 2], "uv": [0, 22]},
						{"origin": [2, 1, -2], "size": [1, 3, 3], "uv": [21, 2]}
					]
				}
			]
		}
	]
}