{
	"format_version": "1.12.0",
	"minecraft:geometry": [
		{
			"description": {
				"identifier": "geometry.flygon",
				"texture_width": 128,
				"texture_height": 128,
				"visible_bounds_width": 7,
				"visible_bounds_height": 8,
				"visible_bounds_offset": [0, 1, 0]
			},
			"bones": [
				{
					"name": "flygon",
					"pivot": [0, 0, 0]
				},
				{
					"name": "body",
					"parent": "flygon",
					"pivot": [-0.5, 21, 0],
					"cubes": [
						{"origin": [-6.5, 14, -5], "size": [13, 15, 13], "inflate": 0.001, "uv": [0, 0]}
					]
				},
				{
					"name": "body2",
					"parent": "body",
					"pivot": [0, 29, 1.83333],
					"cubes": [
						{"origin": [-5.5, 27, -4], "size": [11, 8, 11], "uv": [40, 28]}
					]
				},
				{
					"name": "right_arm",
					"parent": "body2",
					"pivot": [-4.5, 33, -3],
					"cubes": [
						{"origin": [-9.5, 32, -4], "size": [6, 2, 2], "inflate": 0.001, "uv": [62, 0]}
					]
				},
				{
					"name": "right_arm2",
					"parent": "right_arm",
					"pivot": [-9.5, 32, -3],
					"cubes": [
						{"origin": [-15.5, 32, -4], "size": [6, 2, 2], "uv": [62, 4]}
					]
				},
				{
					"name": "hand2",
					"parent": "right_arm2",
					"pivot": [-16, 33.05, -3],
					"cubes": [
						{"origin": [-16, 32, -4], "size": [1, 2, 2], "inflate": 0.001, "uv": [4, 30]}
					]
				},
				{
					"name": "finger_right_inner",
					"parent": "hand2",
					"pivot": [-15, 33, -4],
					"cubes": [
						{"origin": [-16, 32.5, -6], "size": [1, 1, 2], "inflate": 0.001, "uv": [39, 0]}
					]
				},
				{
					"name": "finger_right_inner2",
					"parent": "finger_right_inner",
					"pivot": [-15, 33, -6],
					"cubes": [
						{"origin": [-16, 33, -8], "size": [1, 0, 1], "uv": [0, 7]},
						{"origin": [-16, 32.5, -7], "size": [1, 1, 1], "uv": [34, 36]}
					]
				},
				{
					"name": "finger_right_outer",
					"parent": "hand2",
					"pivot": [-15, 33, -2],
					"cubes": [
						{"origin": [-16, 32.5, -2], "size": [1, 1, 2], "inflate": 0.001, "uv": [0, 35]}
					]
				},
				{
					"name": "finger_right_outer2",
					"parent": "finger_right_outer",
					"pivot": [-15, 33, 0],
					"cubes": [
						{"origin": [-16, 33, 1], "size": [1, 0, 1], "uv": [0, 6]},
						{"origin": [-16, 32.5, 0], "size": [1, 1, 1], "uv": [30, 36]}
					]
				},
				{
					"name": "finger_right_top",
					"parent": "hand2",
					"pivot": [-15, 34, -3],
					"rotation": [90, 0, 0],
					"cubes": [
						{"origin": [-16, 33.5, -3], "size": [1, 1, 2], "inflate": 0.001, "uv": [4, 34]}
					]
				},
				{
					"name": "finger_right_top2",
					"parent": "finger_right_top",
					"pivot": [-15, 34, -1],
					"cubes": [
						{"origin": [-16, 34, 0], "size": [1, 0, 1], "uv": [0, 5]},
						{"origin": [-16, 33.5, -1], "size": [1, 1, 1], "uv": [4, 28]}
					]
				},
				{
					"name": "left_arm",
					"parent": "body2",
					"pivot": [4.5, 33, -3],
					"cubes": [
						{"origin": [3.5, 32, -4], "size": [6, 2, 2], "inflate": 0.001, "uv": [30, 32]}
					]
				},
				{
					"name": "left_arm2",
					"parent": "left_arm",
					"pivot": [9.5, 32, -3],
					"cubes": [
						{"origin": [9.5, 32, -4], "size": [6, 2, 2], "uv": [40, 47]}
					]
				},
				{
					"name": "hand3",
					"parent": "left_arm2",
					"pivot": [16, 33.05, -3],
					"cubes": [
						{"origin": [15, 32, -4], "size": [1, 2, 2], "inflate": 0.001, "uv": [0, 28]}
					]
				},
				{
					"name": "finger_left_inner",
					"parent": "hand3",
					"pivot": [15, 33, -4],
					"cubes": [
						{"origin": [15, 32.5, -6], "size": [1, 1, 2], "inflate": 0.001, "uv": [0, 32]}
					]
				},
				{
					"name": "finger_left_inner2",
					"parent": "finger_left_inner",
					"pivot": [15, 33, -6],
					"cubes": [
						{"origin": [15, 33, -8], "size": [1, 0, 1], "uv": [0, 2]},
						{"origin": [15, 32.5, -7], "size": [1, 1, 1], "uv": [4, 10]}
					]
				},
				{
					"name": "finger_left_outer",
					"parent": "hand3",
					"pivot": [15, 33, -2],
					"cubes": [
						{"origin": [15, 32.5, -2], "size": [1, 1, 2], "inflate": 0.001, "uv": [6, 10]}
					]
				},
				{
					"name": "finger_left_outer2",
					"parent": "finger_left_outer",
					"pivot": [15, 33, 0],
					"cubes": [
						{"origin": [15, 33, 1], "size": [1, 0, 1], "uv": [0, 1]},
						{"origin": [15, 32.5, 0], "size": [1, 1, 1], "uv": [9, 5]}
					]
				},
				{
					"name": "finger_left_top",
					"parent": "hand3",
					"pivot": [15, 34, -3],
					"rotation": [90, 0, 0],
					"cubes": [
						{"origin": [15, 33.5, -3], "size": [1, 1, 2], "inflate": 0.001, "uv": [0, 10]}
					]
				},
				{
					"name": "finger_left_top2",
					"parent": "finger_left_top",
					"pivot": [15, 34, -1],
					"cubes": [
						{"origin": [15, 34, 0], "size": [1, 0, 1], "uv": [0, 0]},
						{"origin": [15, 33.5, -1], "size": [1, 1, 1], "uv": [9, 0]}
					]
				},
				{
					"name": "left_wing",
					"parent": "body2",
					"pivot": [2.5, 32, 7],
					"cubes": [
						{"origin": [2.5, 25, 6], "size": [0, 15, 12], "uv": [52, 0]}
					]
				},
				{
					"name": "left_wing2",
					"parent": "left_wing",
					"pivot": [2.5, 32, 18],
					"cubes": [
						{"origin": [2.5, 22, 18], "size": [0, 21, 12], "uv": [24, 40]}
					]
				},
				{
					"name": "left_wing3",
					"parent": "left_wing2",
					"pivot": [2.5, 32, 30],
					"cubes": [
						{"origin": [2.5, 22, 30], "size": [0, 21, 12], "uv": [0, 40]}
					]
				},
				{
					"name": "right_wing",
					"parent": "body2",
					"pivot": [-2.5, 32, 7],
					"cubes": [
						{"origin": [-2.5, 25, 6], "size": [0, 15, 12], "uv": [52, 0], "mirror": true}
					]
				},
				{
					"name": "right_wing2",
					"parent": "right_wing",
					"pivot": [-2.5, 32, 18],
					"cubes": [
						{"origin": [-2.5, 22, 18], "size": [0, 21, 12], "uv": [24, 40], "mirror": true}
					]
				},
				{
					"name": "right_wing3",
					"parent": "right_wing2",
					"pivot": [-2.5, 32, 30],
					"cubes": [
						{"origin": [-2.5, 22, 30], "size": [0, 21, 12], "uv": [0, 40], "mirror": true}
					]
				},
				{
					"name": "neck",
					"parent": "body2",
					"pivot": [0, 35, 1.5],
					"cubes": [
						{"origin": [-3.5, 31, -2], "size": [7, 9, 7], "uv": [73, 21]}
					]
				},
				{
					"name": "neck2",
					"parent": "neck",
					"pivot": [0, 40, 1.5],
					"cubes": [
						{"origin": [-2.5, 38, -1], "size": [5, 8, 5], "inflate": 0.001, "uv": [19, 101]}
					]
				},
				{
					"name": "neck3",
					"parent": "neck2",
					"pivot": [0, 46, 4],
					"cubes": [
						{"origin": [-2, 46, -0.5], "size": [4, 7, 4], "uv": [40, 102]}
					]
				},
				{
					"name": "head",
					"parent": "neck3",
					"pivot": [0, 51.75, 1.5],
					"cubes": [
						{"origin": [-3.5, 51, -5], "size": [7, 4, 10], "uv": [0, 73]},
						{"origin": [5, 52, -3], "size": [-2, 5, 6], "uv": [59, 101]},
						{"origin": [-3, 52, -3], "size": [-2, 5, 6], "uv": [59, 101], "mirror": true},
						{"origin": [-3.5, 55, -4], "size": [7, 3, 9], "inflate": 0.001, "uv": [39, 0]}
					]
				},
				{
					"name": "right_eye",
					"parent": "head",
					"pivot": [-3.51, 54.5, 0],
					"cubes": [
						{"origin": [-3.51, 53, -2], "size": [0, 3, 4], "uv": [39, 120]}
					]
				},
				{
					"name": "left_eye",
					"parent": "head",
					"pivot": [3.51, 54.5, -8],
					"cubes": [
						{"origin": [3.51, 53, -2], "size": [0, 3, 4], "uv": [39, 120], "mirror": true}
					]
				},
				{
					"name": "horn_left",
					"parent": "head",
					"pivot": [2, 58, 3],
					"cubes": [
						{"origin": [0.5, 55, 3], "size": [3, 3, 9], "uv": [91, 80]}
					]
				},
				{
					"name": "horn_left2",
					"parent": "horn_left",
					"pivot": [2, 57.5, 12],
					"cubes": [
						{"origin": [1, 55.5, 12], "size": [2, 2, 10], "uv": [91, 27]}
					]
				},
				{
					"name": "horn_left3",
					"parent": "horn_left2",
					"pivot": [2, 57.5, 22],
					"cubes": [
						{"origin": [2, 55.5, 22], "size": [0, 2, 8], "uv": [30, 22]}
					]
				},
				{
					"name": "horn_right",
					"parent": "head",
					"pivot": [-2, 58, 3],
					"cubes": [
						{"origin": [-3.5, 55, 3], "size": [3, 3, 9], "uv": [76, 89]}
					]
				},
				{
					"name": "horn_right2",
					"parent": "horn_right",
					"pivot": [-2, 57.5, 12],
					"cubes": [
						{"origin": [-3, 55.5, 12], "size": [2, 2, 10], "uv": [90, 60]}
					]
				},
				{
					"name": "horn_right3",
					"parent": "horn_right2",
					"pivot": [-2, 57.5, 22],
					"cubes": [
						{"origin": [-2, 55.5, 22], "size": [0, 2, 8], "uv": [30, 20]}
					]
				},
				{
					"name": "tail",
					"parent": "body",
					"pivot": [0, 15.5, 3],
					"cubes": [
						{"origin": [-5, 4, -2], "size": [10, 14, 10], "uv": [0, 28]}
					]
				},
				{
					"name": "tail2",
					"parent": "tail",
					"pivot": [0, 4.5, 3],
					"cubes": [
						{"origin": [-4, -8, -1], "size": [8, 15, 8], "uv": [48, 47]}
					]
				},
				{
					"name": "tail3",
					"parent": "tail2",
					"pivot": [0, -8, 3],
					"cubes": [
						{"origin": [-3, -19, 0], "size": [6, 13, 6], "uv": [0, 87]}
					]
				},
				{
					"name": "tail4",
					"parent": "tail3",
					"pivot": [0, -19, 3],
					"cubes": [
						{"origin": [-2, -30, 1], "size": [4, 13, 4], "uv": [96, 97]}
					]
				},
				{
					"name": "tail5",
					"parent": "tail4",
					"pivot": [0, -30, 3],
					"cubes": [
						{"origin": [-3.5, -42, 3], "size": [7, 12, 0], "uv": [0, 106]},
						{"origin": [-3.5, -42, 2.9], "size": [7, 12, 0], "pivot": [0, -30, 3], "rotation": [0, 0, 50], "uv": [102, 0]},
						{"origin": [-3.5, -42, 2.9], "size": [7, 12, 0], "pivot": [0, -30, 3], "rotation": [0, 0, -50], "uv": [75, 101]}
					]
				},
				{
					"name": "right_leg",
					"parent": "body",
					"pivot": [-7.75, 22.75, 1],
					"cubes": [
						{"origin": [-11.5, 13, -3.5], "size": [6, 10, 9], "uv": [69, 70]},
						{"origin": [-11, 14, -3], "size": [5, 13, 8], "uv": [76, 0], "mirror": true}
					]
				},
				{
					"name": "right_foot",
					"parent": "right_leg",
					"pivot": [-8.5, 14, 5.5],
					"cubes": [
						{"origin": [-10, 12.5, -5], "size": [3, 2, 11], "uv": [51, 115]}
					]
				},
				{
					"name": "right_foot3",
					"parent": "right_foot",
					"pivot": [-8.5, 12.5, -5],
					"cubes": [
						{"origin": [-10, 12.5, -8], "size": [3, 2, 3], "inflate": 0.001, "uv": [0, 5]}
					]
				},
				{
					"name": "left_leg",
					"parent": "body",
					"pivot": [7.75, 22.75, 1],
					"cubes": [
						{"origin": [5.5, 13, -3.5], "size": [6, 10, 9], "uv": [39, 70]},
						{"origin": [6, 14, -3], "size": [5, 13, 8], "uv": [76, 0]}
					]
				},
				{
					"name": "left_foot",
					"parent": "left_leg",
					"pivot": [8.5, 14, 5.5],
					"cubes": [
						{"origin": [7, 12.5, -5], "size": [3, 2, 11], "uv": [51, 115]}
					]
				},
				{
					"name": "left_foot3",
					"parent": "left_foot",
					"pivot": [8.5, 12.5, -5],
					"cubes": [
						{"origin": [7, 12.5, -8], "size": [3, 2, 3], "inflate": 0.001, "uv": [0, 0]}
					]
				}
			]
		}
	]
}