{
  "implemented": true,
  "name": "Carbink",
  "nationalPokedexNumber": 703,
  "primaryType": "rock",
  "secondaryType": "fairy",
  "abilities": [
    "clearbody",
    "h:sturdy"
  ],
  "baseStats": {
    "hp": 50,
    "attack": 50,
    "defence": 150,
    "special_attack": 50,
    "special_defence": 150,
    "speed": 50
  },
  "catchRate": 60,
  "maleRatio": -1,
  "shoulderMountable": false,
  "baseExperienceYield": 100,
  "experienceGroup": "slow",
  "eggCycles": 25,
  "eggGroups": [
    "fairy",
    "mineral"
  ],
  "behaviour": {
    "moving": {
      "walk": {
        "walkSpeed": 0.38
      }
    },
    "resting": {
      "canSleep": true,
      "willSleepOnBed": false,
      "depth": "normal",
	  "light": "0-7"
    }
  },
  "moves": [
    "1:harden",
    "1:tackle",
    "5:guardsplit",
    "5:rockthrow",
    "8:sharpen",
    "10:smackdown",
    "15:flail",
    "18:reflect",
    "20:ancientpower",
    "25:rockpolish",
    "30:lightscreen",
    "35:rockslide",
    "40:skillswap",
    "45:powergem",
    "50:stealthrock",
    "55:moonblast",
    "60:stoneedge",
    "70:safeguard",
    "tm:allyswitch",
    "tm:bodypress",
    "tm:bodyslam",
    "tm:calmmind",
    "tm:charm",
    "tm:confide",
    "tm:dazzlinggleam",
    "tm:doubleteam",
    "tm:earthpower",
    "tm:endure",
    "tm:explosion",
    "tm:facade",
    "tm:flash",
    "tm:flashcannon",
    "tm:frustration",
    "tm:gigaimpact",
    "tm:guardswap",
    "tm:gyroball",
    "tm:hail",
    "tm:heavyslam",
    "tm:hiddenpower",
    "tm:hyperbeam",
    "tm:irondefense",
    "tm:ironhead",
    "tm:lightscreen",
    "tm:mistyterrain",
    "tm:naturepower",
    "tm:powergem",
    "tm:protect",
    "tm:psychic",
    "tm:psychup",
    "tm:raindance",
    "tm:reflect",
    "tm:rest",
    "tm:return",
    "tm:rockblast",
    "tm:rockpolish",
    "tm:rockslide",
    "tm:rocktomb",
    "tm:round",
    "tm:safeguard",
    "tm:sandstorm",
    "tm:sandtomb",
    "tm:secretpower",
    "tm:skillswap",
    "tm:sleeptalk",
    "tm:smackdown",
    "tm:snore",
    "tm:spikes",
    "tm:stealthrock",
    "tm:stompingtantrum",
    "tm:stoneedge",
    "tm:substitute",
    "tm:sunnyday",
    "tm:swagger",
    "tm:takedown",
    "tm:terablast",
    "tm:toxic",
    "tm:trickroom",
    "tm:wonderroom",
    "tutor:afteryou",
    "tutor:allyswitch",
    "tutor:covet",
    "tutor:earthpower",
    "tutor:gravity",
    "tutor:irondefense",
    "tutor:magiccoat",
    "tutor:magnetrise",
    "tutor:meteorbeam",
    "tutor:mistyexplosion",
    "tutor:skillswap",
    "tutor:snore",
    "tutor:stealthrock",
    "tutor:stompingtantrum",
    "tutor:telekinesis",
    "tutor:terrainpulse",
    "tutor:wonderroom"
  ],
  "labels": [
    "gen6"
  ],
  "pokedex": [
    "cobblemon.species.carbink.desc"
  ],
  "evolutions": [],
  "baseScale": 0.8,
  "hitbox": {
    "width": 0.8,
    "height": 1.1,
    "fixed": false
  },
  "baseFriendship": 50,
  "evYield": {
    "hp": 0,
    "attack": 0,
    "defence": 1,
    "special_attack": 0,
    "special_defence": 1,
    "speed": 0
  },
  "height": 3,
  "weight": 57,
  "aspects": [],
  "cannotDynamax": false,
  "drops": {
    "amount": 2,
    "entries": [
      {
        "item": "minecraft:diamond",
        "percentage": 5.0
      },
      {
        "item": "cobblemon:babiri_berry",
        "percentage": 5.0
      },
	  {
        "item": "cobblemon:shuca_berry",
        "percentage": 5.0
      }
    ]
  }
}