{
	"format_version": "1.12.0",
	"minecraft:geometry": [
		{
			"description": {
				"identifier": "geometry.haxorus",
				"texture_width": 256,
				"texture_height": 256,
				"visible_bounds_width": 9,
				"visible_bounds_height": 5.5,
				"visible_bounds_offset": [0, 2.25, 0]
			},
			"bones": [
				{
					"name": "haxorus",
					"pivot": [0, 0, 0]
				},
				{
					"name": "body",
					"parent": "haxorus",
					"pivot": [0, 0, 4]
				},
				{
					"name": "torso",
					"parent": "body",
					"pivot": [0, 21, 1],
					"cubes": [
						{"origin": [-6, 10.36466, -7.91975], "size": [12, 13, 16], "inflate": 0.01, "pivot": [0.5, 20.86466, 0.08025], "rotation": [45, 0, 0], "uv": [60, 0]},
						{"origin": [-4.5, 17.63393, -6.14054], "size": [9, 11, 10], "uv": [0, 86]},
						{"origin": [-4, 16.98558, -7.34851], "size": [8, 5, 2], "inflate": 0.01, "pivot": [4.01, 16.97558, -7.35851], "rotation": [-12.5, 0, 0], "uv": [30, 70]},
						{"origin": [-3, 21.98558, -7.34851], "size": [6, 2, 2], "inflate": 0.01, "pivot": [4.01, 16.97558, -7.35851], "rotation": [-12.5, 0, 0], "uv": [77, 79]},
						{"origin": [-4.5, 30.16964, 4.29731], "size": [9, 8, 1], "inflate": 0.01, "pivot": [0, 28.66964, 4.79731], "rotation": [40, 0, 0], "uv": [110, 79]},
						{"origin": [-2.5, 27.16964, 4.29731], "size": [5, 1, 1], "inflate": 0.02, "pivot": [0, 28.66964, 4.79731], "rotation": [40, 0, 0], "uv": [14, 55]},
						{"origin": [-3.5, 28.16964, 4.29731], "size": [7, 2, 1], "inflate": 0.02, "pivot": [0, 28.66964, 4.79731], "rotation": [40, 0, 0], "uv": [58, 95]},
						{"origin": [-1.5, 26.16964, 4.29731], "size": [3, 1, 1], "inflate": 0.02, "pivot": [0, 28.66964, 4.79731], "rotation": [40, 0, 0], "uv": [65, 5]},
						{"origin": [-0.5, 25.16964, 4.29731], "size": [1, 1, 1], "inflate": 0.02, "pivot": [0, 28.66964, 4.79731], "rotation": [40, 0, 0], "uv": [22, 38]},
						{"origin": [-6, 25.69309, 8.5], "size": [12, 3, 1], "pivot": [0, 23.69309, 9.27264], "rotation": [55, 0, 0], "uv": [0, 51]},
						{"origin": [-5, 24.69309, 8.5], "size": [10, 1, 1], "pivot": [0, 23.69309, 9.27264], "rotation": [55, 0, 0], "uv": [54, 37]},
						{"origin": [-4, 23.69309, 8.5], "size": [8, 1, 1], "pivot": [0, 23.69309, 9.27264], "rotation": [55, 0, 0], "uv": [0, 18]},
						{"origin": [-3, 22.69309, 8.5], "size": [6, 1, 1], "pivot": [0, 23.69309, 9.27264], "rotation": [55, 0, 0], "uv": [70, 39]},
						{"origin": [-2, 21.69309, 8.5], "size": [4, 1, 1], "pivot": [0, 23.69309, 9.27264], "rotation": [55, 0, 0], "uv": [14, 57]},
						{"origin": [-1, 20.69309, 8.5], "size": [2, 1, 1], "pivot": [0, 23.69309, 9.27264], "rotation": [55, 0, 0], "uv": [12, 64]},
						{"origin": [-4.5, 20, -6], "size": [9, 11, 11], "inflate": 0.02, "pivot": [0, 25.5, -2], "rotation": [25, 0, 0], "uv": [81, 84]}
					]
				},
				{
					"name": "upper_body",
					"parent": "torso",
					"pivot": [0, 30, -2],
					"cubes": [
						{"origin": [-5.5, 32.8215, -12.69631], "size": [11, 9, 11], "pivot": [0.001, 41.67996, 0.94214], "rotation": [25, 0, 0], "uv": [79, 59]}
					]
				},
				{
					"name": "neck",
					"parent": "upper_body",
					"pivot": [0, 38, -6],
					"rotation": [15, 0, 0],
					"cubes": [
						{"origin": [-4.5, 37.77745, -11.432], "size": [9, 6, 10], "pivot": [0, 39.77745, -6.432], "rotation": [20, 0, 0], "uv": [100, 0]},
						{"origin": [-4.5, 43.77745, -8.432], "size": [9, 2, 7], "pivot": [0, 39.77745, -6.432], "rotation": [20, 0, 0], "uv": [80, 106]},
						{"origin": [0, 38.42101, 0.2178], "size": [0, 8, 10], "pivot": [-1.999, 35.42101, -3.7822], "rotation": [20, 0, 0], "uv": [0, 0]}
					]
				},
				{
					"name": "neck2",
					"parent": "neck",
					"pivot": [0, 43.70711, -7.77526],
					"rotation": [12.5, 0, 0],
					"cubes": [
						{"origin": [-4, 42.46207, -15.27526], "size": [8, 6, 9], "pivot": [0, 50.96207, -10.30562], "rotation": [20, 0, 0], "uv": [40, 0]},
						{"origin": [-4, 48.46207, -12.27526], "size": [8, 2, 6], "pivot": [0, 50.96207, -10.30562], "rotation": [20, 0, 0], "uv": [54, 29]},
						{"origin": [0, 46.01155, -6.54847], "size": [0, 6, 10], "pivot": [-3.999, 52.51155, -6.04847], "rotation": [20, 0, 0], "uv": [0, 35]}
					]
				},
				{
					"name": "neck3",
					"parent": "neck2",
					"pivot": [0, 48.70711, -10.77526],
					"rotation": [12.5, 0, 0],
					"cubes": [
						{"origin": [-3.5, 47.77745, -10.432], "size": [7, 6, 7], "inflate": 0.1, "pivot": [0, 39.77745, -6.432], "rotation": [20, 0, 0], "uv": [99, 29]}
					]
				},
				{
					"name": "neck4",
					"parent": "neck3",
					"pivot": [0, 52.70711, -10.77526],
					"cubes": [
						{"origin": [-3.5, 51.77247, -14.95881], "size": [7, 6, 7], "pivot": [0, 52.11137, -11.54517], "rotation": [20, 0, 0], "uv": [59, 99]}
					]
				},
				{
					"name": "head",
					"parent": "neck4",
					"pivot": [0, 58.70711, -13],
					"rotation": [-35, 0, 0],
					"cubes": [
						{"origin": [-9, 58.157, -27.88779], "size": [7, 0, 26], "pivot": [-6, 58.157, -16.38779], "rotation": [-35.6484, -10.21235, 7.24677], "uv": [14, 33]},
						{"origin": [-1, 56.99167, -20.36343], "size": [2, 2, 2], "pivot": [0, 60.49167, -15.36343], "rotation": [-35, 0, 0], "uv": [126, 24]},
						{"origin": [0, 61.99167, -18.36343], "size": [0, 4, 4], "pivot": [0, 60.49167, -15.36343], "rotation": [-35, 0, 0], "uv": [0, 0]},
						{"origin": [2, 58.157, -27.88779], "size": [7, 0, 26], "pivot": [6, 58.157, -16.38779], "rotation": [-35.6484, 10.21235, -7.24677], "uv": [0, 33]},
						{"origin": [-0.7, 60.20995, -21.57264], "size": [1, 1, 0], "inflate": 0.01, "pivot": [0.5, 60.65652, -22.57264], "rotation": [-26.341, 23.92746, 39.32269], "uv": [0, 0]},
						{"origin": [-2, 58.35071, -16.67373], "size": [4, 5, 7], "pivot": [-1.5, 63.85071, -16.67373], "rotation": [-35, 0, 0], "uv": [0, 33]},
						{"origin": [-2, 57.35071, -16.67373], "size": [4, 1, 7], "pivot": [-1.5, 63.85071, -16.67373], "rotation": [-35, 0, 0], "uv": [127, 41]}
					]
				},
				{
					"name": "eyelid_left",
					"parent": "head",
					"pivot": [2.502, 60.0821, -15.65021],
					"cubes": [
						{"origin": [2.001, 58.60995, -17.65021], "size": [0, 2, 4], "pivot": [2.502, 60.0821, -15.65021], "rotation": [-15, 0, 0], "uv": [12, 0], "mirror": true}
					]
				},
				{
					"name": "eyelid_right",
					"parent": "head",
					"pivot": [-2.502, 60.0821, -15.65021],
					"cubes": [
						{"origin": [-2.001, 58.60995, -17.65021], "size": [0, 2, 4], "pivot": [-2.502, 60.0821, -15.65021], "rotation": [-15, 0, 0], "uv": [12, 0]}
					]
				},
				{
					"name": "eye_right",
					"parent": "head",
					"pivot": [-2.502, 60.0821, -15.65021],
					"rotation": [-12.5, 0, 0],
					"cubes": [
						{"origin": [-2.003, 59.85995, -16.01356], "size": [0, 1, 1], "pivot": [-2.502, 60.43565, -15.03784], "rotation": [-14.94548, 1.29256, 4.86], "uv": [0, 0]},
						{"origin": [-2.002, 58.60995, -17.65021], "size": [0, 2, 4], "pivot": [-2.502, 60.0821, -15.65021], "rotation": [-15, 0, 0], "uv": [12, 2]}
					]
				},
				{
					"name": "eye_left",
					"parent": "head",
					"pivot": [2.502, 60.0821, -15.65021],
					"rotation": [-12.5, 0, 0],
					"cubes": [
						{"origin": [2.003, 59.85995, -16.01356], "size": [0, 1, 1], "pivot": [2.502, 60.43565, -15.03784], "rotation": [-14.94548, -1.29256, -4.86], "uv": [0, 0], "mirror": true},
						{"origin": [2.002, 58.60995, -17.65021], "size": [0, 2, 4], "pivot": [2.502, 60.0821, -15.65021], "rotation": [-15, 0, 0], "uv": [12, 2], "mirror": true}
					]
				},
				{
					"name": "arm_left",
					"parent": "upper_body",
					"pivot": [5.5, 36.28571, -6],
					"rotation": [90, 0, 0],
					"cubes": [
						{"origin": [5, 35, -7], "size": [7, 2, 2], "inflate": 0.1, "uv": [70, 54]},
						{"origin": [12, 35, -7], "size": [2, 2, 2], "uv": [40, 0]}
					]
				},
				{
					"name": "arm_left2",
					"parent": "arm_left",
					"pivot": [14, 35, -5],
					"cubes": [
						{"origin": [14, 35, -7], "size": [6, 2, 2], "inflate": 0.1, "uv": [93, 79]}
					]
				},
				{
					"name": "hand_left",
					"parent": "arm_left2",
					"pivot": [20, 36, -6],
					"cubes": [
						{"origin": [20, 35, -7], "size": [2, 2, 2], "uv": [17, 33]}
					]
				},
				{
					"name": "lfinger1",
					"parent": "hand_left",
					"pivot": [21, 37, -6],
					"cubes": [
						{"origin": [21, 37, -7], "size": [0, 2, 2], "uv": [14, 57]}
					]
				},
				{
					"name": "lfinger2",
					"parent": "hand_left",
					"pivot": [22, 36, -6],
					"cubes": [
						{"origin": [22, 35.4, -7], "size": [2, 0, 2], "uv": [52, 33]}
					]
				},
				{
					"name": "lfinger3",
					"parent": "hand_left",
					"pivot": [22, 36, -6],
					"cubes": [
						{"origin": [22, 36.6, -7], "size": [2, 0, 2], "uv": [18, 49]}
					]
				},
				{
					"name": "arm_right",
					"parent": "upper_body",
					"pivot": [-5.5, 36.28571, -6],
					"rotation": [90, 0, 0],
					"cubes": [
						{"origin": [-12, 35, -7], "size": [7, 2, 2], "inflate": 0.1, "uv": [40, 15]},
						{"origin": [-14, 35, -7], "size": [2, 2, 2], "uv": [12, 0]}
					]
				},
				{
					"name": "arm_right2",
					"parent": "arm_right",
					"pivot": [-14, 35, -5],
					"cubes": [
						{"origin": [-20, 35, -7], "size": [6, 2, 2], "inflate": 0.1, "uv": [88, 54]}
					]
				},
				{
					"name": "hand_right",
					"parent": "arm_right2",
					"pivot": [-20, 36, -6],
					"cubes": [
						{"origin": [-22, 35, -7], "size": [2, 2, 2], "uv": [0, 0]}
					]
				},
				{
					"name": "rfinger1",
					"parent": "hand_right",
					"pivot": [-22, 36, -6],
					"cubes": [
						{"origin": [-24, 35.4, -7], "size": [2, 0, 2], "uv": [18, 47]}
					]
				},
				{
					"name": "rfinger2",
					"parent": "hand_right",
					"pivot": [-22, 36, -6],
					"cubes": [
						{"origin": [-24, 36.6, -7], "size": [2, 0, 2], "uv": [18, 45]}
					]
				},
				{
					"name": "rfinger3",
					"parent": "hand_right",
					"pivot": [-21, 37, -6],
					"cubes": [
						{"origin": [-21, 37, -7], "size": [0, 2, 2], "uv": [56, 13]}
					]
				},
				{
					"name": "back_plate",
					"parent": "upper_body",
					"pivot": [0.5, 35.89553, -1.8147],
					"cubes": [
						{"origin": [0, 31.25398, 2.58369], "size": [0, 9, 7], "pivot": [0.5, 35.75398, -2.45315], "rotation": [25, 0, 0], "uv": [0, 48]},
						{"origin": [0.001, 29.96103, 0.209], "size": [8, 12, 0], "pivot": [0.001, 41.96103, 0.21], "rotation": [26.39218, 18.05776, 8.74472], "uv": [59, 112]},
						{"origin": [-8.001, 29.96103, 0.209], "size": [8, 12, 0], "pivot": [-0.001, 41.96103, 0.21], "rotation": [26.39218, -18.05776, -8.74472], "uv": [112, 56]}
					]
				},
				{
					"name": "tail",
					"parent": "torso",
					"pivot": [0, 14, 7],
					"cubes": [
						{"origin": [-5, 8.6355, 1.54728], "size": [10, 13, 20], "uv": [0, 0]}
					]
				},
				{
					"name": "tail1",
					"parent": "tail",
					"pivot": [0, 15, 21],
					"cubes": [
						{"origin": [-4, 9.6355, 17.54728], "size": [8, 11, 20], "uv": [34, 39]}
					]
				},
				{
					"name": "tail2",
					"parent": "tail1",
					"pivot": [0, 15.6355, 37.54728],
					"cubes": [
						{"origin": [-3, 10.6355, 34], "size": [6, 9, 18], "uv": [0, 59]}
					]
				},
				{
					"name": "tail3",
					"parent": "tail2",
					"pivot": [-1, 15.6355, 51.54728],
					"cubes": [
						{"origin": [-2, 11.6355, 49.54728], "size": [4, 7, 13], "uv": [25, 94]}
					]
				},
				{
					"name": "leg_right",
					"parent": "body",
					"pivot": [-5, 19, 2]
				},
				{
					"name": "leg_right1",
					"parent": "leg_right",
					"pivot": [-5, 19, 2],
					"cubes": [
						{"origin": [-12.5, 10, -10], "size": [7, 10, 15], "pivot": [-8.5, 17.5, -2.5], "rotation": [30, 0, 0], "uv": [48, 70]}
					]
				},
				{
					"name": "leg_right2",
					"parent": "leg_right1",
					"pivot": [-10, 9, -3],
					"cubes": [
						{"origin": [-11.51, 1.54109, -2.74], "size": [4, 9, 4], "pivot": [-8.51, 5.04109, 1.26], "rotation": [30, 0, 0], "uv": [0, 64]}
					]
				},
				{
					"name": "foot_right",
					"parent": "leg_right2",
					"pivot": [-10, 2, 1],
					"cubes": [
						{"origin": [-11.22595, 0, -6.06798], "size": [2, 2, 8], "pivot": [-9.22595, 1, -1.56798], "rotation": [0, 10, 0], "uv": [0, 107]},
						{"origin": [-10.22595, 0, -9.06798], "size": [0, 2, 3], "pivot": [-9.22595, 1, -1.56798], "rotation": [0, 10, 0], "uv": [40, 1]},
						{"origin": [-8.76556, 0, -3.16519], "size": [2, 2, 7], "pivot": [-4.76556, 0, 1.33481], "rotation": [0, -20, 0], "uv": [24, 114]},
						{"origin": [-7.76556, 0, -6.16519], "size": [0, 2, 3], "pivot": [-4.76556, 0, 1.33481], "rotation": [0, -20, 0], "uv": [17, 34]},
						{"origin": [-11.5, 0, -1], "size": [4, 2, 4], "inflate": 0.01, "uv": [110, 88]},
						{"origin": [-10.88397, 0, -5.70096], "size": [2, 2, 8], "pivot": [-9.88397, 0, 3.79904], "rotation": [0, 30, 0], "uv": [0, 0]},
						{"origin": [-9.88397, 0, -8.70096], "size": [0, 2, 3], "pivot": [-9.88397, 0, 3.79904], "rotation": [0, 30, 0], "uv": [40, 3]}
					]
				},
				{
					"name": "leg_left",
					"parent": "body",
					"pivot": [5, 19, 2]
				},
				{
					"name": "leg_left1",
					"parent": "leg_left",
					"pivot": [5, 19, 2],
					"cubes": [
						{"origin": [5.5, 10, -10], "size": [7, 10, 15], "pivot": [8.5, 17.5, -2.5], "rotation": [30, 0, 0], "uv": [70, 29]}
					]
				},
				{
					"name": "leg_left2",
					"parent": "leg_left1",
					"pivot": [10, 9, -3],
					"cubes": [
						{"origin": [7.51, 0.35711, -2.95865], "size": [4, 9, 4], "pivot": [8.51, 4.85711, -1.05865], "rotation": [30, 0, 0], "uv": [108, 111]}
					]
				},
				{
					"name": "foot_left",
					"parent": "leg_left2",
					"pivot": [9, 2, 1],
					"cubes": [
						{"origin": [9.22595, 0, -6.06798], "size": [2, 2, 8], "pivot": [9.22595, 1, -1.56798], "rotation": [0, -10, 0], "uv": [106, 46]},
						{"origin": [10.22595, 0, -9.06798], "size": [0, 2, 3], "pivot": [9.22595, 1, -1.56798], "rotation": [0, -10, 0], "uv": [0, 34]},
						{"origin": [6.76556, 0, -3.16519], "size": [2, 2, 7], "pivot": [4.76556, 0, 1.33481], "rotation": [0, 20, 0], "uv": [13, 110]},
						{"origin": [7.76556, 0, -6.16519], "size": [0, 2, 3], "pivot": [4.76556, 0, 1.33481], "rotation": [0, 20, 0], "uv": [0, 32]},
						{"origin": [7.5, 0, -1], "size": [4, 2, 4], "inflate": 0.01, "uv": [28, 86]},
						{"origin": [8.88397, 0, -5.70096], "size": [2, 2, 8], "pivot": [9.88397, 0, 3.79904], "rotation": [0, -30, 0], "uv": [46, 95]},
						{"origin": [9.88397, 0, -8.70096], "size": [0, 2, 3], "pivot": [9.88397, 0, 3.79904], "rotation": [0, -30, 0], "uv": [0, 30]}
					]
				}
			]
		}
	]
}