{
    "enabled": true,
    "neededInstalledMods": [],
    "neededUninstalledMods": [],
    "spawns": [
        {
            "id": "carbink-1",
            "pokemon": "carbink",
            "presets": [
                "natural",
				"wild"
            ],
            "type": "pokemon",
            "context": "grounded",
            "bucket": "rare",
            "level": "5-20",
            "weight": 4,
            "condition": {
                "biomes": [
                    "#cobblemon:is_mountain"
                ]
            }
        },
		{
           "id": "carbink-2",
           "pokemon": "carbink",
           "presets": [
               "gemstones"
           ],
           "type": "pokemon",
           "context": "grounded",
           "bucket": "common",
           "level": "10-40",
           "weight": 8.0,
           "condition": {
               "canSeeSky": false,
                "biomes": [
                    "#cobblemon:is_overworld"
                ],
			"anticondition": {
				"biomes": [
				"#cobblemon:is_lush"
				]
			}
           }
		  
       },
        {
           "id": "carbink-3",
           "pokemon": "carbink",
           "presets": [
               "natural"
           ],
           "type": "pokemon",
           "context": "grounded",
           "bucket": "uncommon",
           "level": "5-30",
           "weight": 5.5,
           "condition": {
               "canSeeSky": false,
                "biomes": [
                    "#cobblemon:is_cave"
                ],
			"anticondition": {
				"biomes": [
				"#cobblemon:is_lush"
				]
			}
           }
		  
       },
	   {
           "id": "carbink-4",
           "pokemon": "carbink",
           "presets": [
			   "deepslate"
           ],
           "type": "pokemon",
           "context": "grounded",
           "bucket": "uncommon",
           "level": "10-35",
           "weight": 7.5,
           "condition": {
              "canSeeSky": false,
			"anticondition": {
				"biomes": [
				"#cobblemon:is_lush"
				]
			}
           }
		  
       }
    ]
}