{
	"format_version": "1.8.0",
	"animations": {
		"animation.diancie_mega.idle_base": {
			"animation_length": 3,
			"bones": {
				"bangL": {
					"rotation": [-2.5, 2.5, 70]
				},
				"bangR": {
					"rotation": [-2.5, -2.5, -70]
				},
				"bangM": {
					"rotation": [70, 0, 0],
					"position": [0, 0.25, 0]
				},
				"armR": {
					"rotation": [15.38152, -19.291, -65.9153]
				},
				"armL": {
					"rotation": [15.38152, 19.291, 65.9153]
				},
				"bone": {
					"rotation": [-50, 0, 0]
				},
				"bone3": {
					"rotation": [-50, 0, 0]
				},
				"bone4": {
					"rotation": [-50, 0, 0]
				},
				"bone5": {
					"rotation": [-50, 0, 0]
				},
				"bone6": {
					"rotation": [-50, 0, 0]
				},
				"bone7": {
					"rotation": [-50, 0, 0]
				},
				"bone8": {
					"rotation": [-50, 0, 0]
				},
				"bone10": {
					"rotation": [-50, 0, 0]
				},
				"bone11": {
					"rotation": [-50, 0, 0]
				},
				"bone12": {
					"rotation": [-50, 0, 0]
				},
				"bone13": {
					"rotation": [-50, 0, 0]
				},
				"bone14": {
					"rotation": [-50, 0, 0]
				},
				"bone15": {
					"rotation": [-50, 0, 0]
				},
				"cry1": {
					"rotation": [0, 0, 0]
				},
				"cry2": {
					"rotation": [0, 0, 0]
				},
				"cry3": {
					"rotation": [0, 0, 0]
				},
				"cry4": {
					"rotation": [0, 0, 0]
				},
				"cry5": {
					"rotation": [0, 0, 0]
				},
				"cry6": {
					"rotation": [0, 0, 0]
				},
				"cry9": {
					"rotation": [0, 0, 0]
				},
				"cry10": {
					"rotation": [0, 0, 0]
				},
				"cry7": {
					"rotation": [0, 0, 0]
				},
				"cry8": {
					"rotation": [0, 0, 0]
				},
				"body": {
					"rotation": [4.5, 0, 0],
					"position": [0, 0, 0]
				},
				"head": {
					"rotation": [0, 0, 0]
				},
				"jewel1": {
					"rotation": [0, 0, 0]
				},
				"jewel4": {
					"rotation": [0, 0, 0]
				},
				"jewel2": {
					"rotation": [0, 0, 0]
				},
				"jewel3": {
					"rotation": [0, 0, 0]
				},
				"ribbonR": {
					"position": [0, 1, -0.25]
				},
				"bone16": {
					"rotation": [0, 0, 0]
				},
				"bone18": {
					"rotation": [0, 0, 0]
				},
				"bone17": {
					"rotation": [0, 0, 0]
				},
				"ribbonLCrutch": {
					"rotation": [-38.75079, -23.81394, 62.08988],
					"position": [0, 1, -0.25]
				},
				"ribbonRCrutch": {
					"rotation": [-38.75079, 23.81394, -62.08988],
					"position": [0.75, 0.4, -0.65]
				}
			}
		},
		"animation.diancie_mega.air_idle": {
			"loop": true,
			"animation_length": 3,
			"bones": {
				"bangL": {
					"rotation": ["-2.5+math.sin(q.anim_time*60*2-90)*1.5+1", "2.5-math.sin(q.anim_time*60*2-40)*2.5+1", 70]
				},
				"bangR": {
					"rotation": ["-2.5+math.sin(q.anim_time*60*2-90)*1.5+1", "-2.5+math.sin(q.anim_time*60*2-40)*2.5+1", -70]
				},
				"bangM": {
					"rotation": ["70-math.sin(q.anim_time*60*2-90)*2.5+1", 0, 0],
					"position": [0, 0.25, 0]
				},
				"armR": {
					"rotation": [15.38152, -19.291, "-65.9153+math.sin(q.anim_time*60*2+10)*1.5"]
				},
				"armL": {
					"rotation": [15.38152, 19.291, "65.9153-math.sin(q.anim_time*60*2+10)*1.5"]
				},
				"bone": {
					"rotation": ["-50+math.sin(q.anim_time*60*2-60)*4", 0, 0]
				},
				"bone3": {
					"rotation": ["-50+math.sin(q.anim_time*60*2-40)*4.5", 0, 0]
				},
				"bone4": {
					"rotation": ["-50+math.sin(q.anim_time*60*2-80)*2.5", 0, 0]
				},
				"bone5": {
					"rotation": ["-50+math.sin(q.anim_time*60*2-100)*2.5", 0, 0]
				},
				"bone6": {
					"rotation": ["-50+math.sin(q.anim_time*60*2-60)*2.5", 0, 0]
				},
				"bone7": {
					"rotation": ["-50+math.sin(q.anim_time*60*2-40)*2.5", 0, 0]
				},
				"bone8": {
					"rotation": ["-50+math.sin(q.anim_time*60*2-100)*2.5", 0, 0]
				},
				"bone10": {
					"rotation": ["-50+math.sin(q.anim_time*60*2-60)*4", 0, 0]
				},
				"bone11": {
					"rotation": ["-50+math.sin(q.anim_time*60*2-80)*2.5", 0, 0]
				},
				"bone12": {
					"rotation": ["-50+math.sin(q.anim_time*60*2-60)*2.5", 0, 0]
				},
				"bone13": {
					"rotation": ["-50+math.sin(q.anim_time*60*2-40)*2.5", 0, 0]
				},
				"ribbonL1": {
					"rotation": [0, 0, "0-math.sin((q.anim_time+2)*60*2-50)*9"]
				},
				"ribbonL2": {
					"rotation": [0, 0, "0-math.sin((q.anim_time+2)*60*2-70)*9"]
				},
				"bone14": {
					"rotation": ["-50+math.sin(q.anim_time*60*2-80)*3.5", 0, 0]
				},
				"bone15": {
					"rotation": ["-50+math.sin(q.anim_time*60*2-80)*3.5", 0, 0]
				},
				"ribbonL3": {
					"rotation": [0, 0, "0+math.sin((q.anim_time+2)*60*2+70)*12"]
				},
				"ribbonL5": {
					"rotation": [0, 0, "0+math.sin((q.anim_time+2)*60*2+20)*30"]
				},
				"cry1": {
					"rotation": ["-math.sin(q.anim_time*60*2+60)*15.5", 0, 0]
				},
				"cry2": {
					"rotation": ["-math.sin(q.anim_time*60*2+60)*15.5", 0, 0]
				},
				"cry3": {
					"rotation": ["-math.sin(q.anim_time*60*2+30)*12.5", 0, 0]
				},
				"cry4": {
					"rotation": ["-math.sin(q.anim_time*60*2-60)*15.5", 0, 0]
				},
				"cry5": {
					"rotation": ["-math.sin(q.anim_time*60*2-30)*9.5", 0, 0]
				},
				"cry6": {
					"rotation": ["-math.sin(q.anim_time*60*2-60)*9.5", 0, 0]
				},
				"cry9": {
					"rotation": ["-math.sin(q.anim_time*60*2+30)*12.5", 0, 0]
				},
				"cry10": {
					"rotation": ["-math.sin(q.anim_time*60*2-60)*15.5", 0, 0]
				},
				"cry7": {
					"rotation": ["-math.sin(q.anim_time*60*2-30)*9.5", 0, 0]
				},
				"cry8": {
					"rotation": ["-math.sin(q.anim_time*60*2-60)*9.5", 0, 0]
				},
				"body": {
					"rotation": [4.5, 0, 0],
					"position": [0, "0-math.sin(q.anim_time*60*2-90)*0.5", "0-math.sin(q.anim_time*60*2+20)*0.1"]
				},
				"head": {
					"rotation": ["-math.sin(q.anim_time*60*2+40)*2-3", 0, 0]
				},
				"jewel1": {
					"rotation": ["0-math.sin(q.anim_time*60*2-50)*1.5+1", 0, 0]
				},
				"jewel4": {
					"rotation": ["0-math.sin(q.anim_time*60*2-50)*1.5+1", 0, 0]
				},
				"jewel2": {
					"rotation": ["0-math.sin(q.anim_time*60*2-50)*1.5+1", 0, 0]
				},
				"jewel3": {
					"rotation": ["0-math.sin(q.anim_time*60*2-50)*1.5+1", 0, 0]
				},
				"ribbonL4": {
					"rotation": [0, 0, "0+math.sin((q.anim_time+2)*60*2+60)*9"]
				},
				"ribbonR": {
					"rotation": [0, 0, "-math.sin((q.anim_time+2)*60*2-90)*12"],
					"position": [0, 1, -0.25]
				},
				"ribbonR1": {
					"rotation": [0, 0, "math.sin((q.anim_time+2)*60*2-50)*9"]
				},
				"ribbonR2": {
					"rotation": [0, 0, "0+math.sin((q.anim_time+2)*60*2-70)*9"]
				},
				"ribbonR3": {
					"rotation": [0, 0, "0-math.sin((q.anim_time+2)*60*2+70)*12"]
				},
				"ribbonR4": {
					"rotation": [0, 0, "0-math.sin((q.anim_time+2)*60*2+60)*9"]
				},
				"ribbonR5": {
					"rotation": [0, 0, "0-math.sin((q.anim_time+2)*60*2+20)*30"]
				},
				"bone16": {
					"rotation": ["math.sin(q.anim_time*60*2-0)*5.5", "-math.sin(q.anim_time*60*2-90)*5.5", 0]
				},
				"bone18": {
					"rotation": ["-math.sin(q.anim_time*60*2-0)*5.5", "-math.sin(q.anim_time*60*2-90)*5.5", 0]
				},
				"bone17": {
					"rotation": ["math.sin(q.anim_time*60*2)*5.5+1", 0, 0]
				},
				"ribbonL": {
					"rotation": [0, 0, "math.sin((q.anim_time+2)*60*2-90)*12"]
				},
				"ribbonLCrutch": {
					"rotation": [-38.75079, -23.81394, 62.08988],
					"position": [0, 1, -0.25]
				},
				"ribbonRCrutch": {
					"rotation": [-38.75079, 23.81394, -62.08988],
					"position": {
						"0.0": {
							"post": [0.75, 0.4, -0.65],
							"lerp_mode": "catmullrom"
						}
					}
				}
			}
		},
		"animation.diancie_mega.air_walk": {
			"loop": true,
			"animation_length": 3,
			"bones": {
				"bangL": {
					"rotation": ["-183.1315-math.sin(q.anim_time*30*4+70)*2", "9.9982+math.sin(q.anim_time*30*8-60)*2", 245.62908]
				},
				"bangR": {
					"rotation": ["-183.1315+math.sin(q.anim_time*30*4+70)*2", -9.9982, -245.62908]
				},
				"bangM": {
					"rotation": ["57.5-math.sin(q.anim_time*30*8-70)*2", 0, "-math.sin(q.anim_time*30*4+70)*10"],
					"position": [0, 0.25, 0]
				},
				"armR": {
					"rotation": [4.01094, "16.7201+math.sin(q.anim_time*30*8-50)*1", "-49.5217+math.sin(q.anim_time*60*4-90)*1"]
				},
				"armL": {
					"rotation": [4.01094, "-16.7201-math.sin(q.anim_time*30*8-50)*1", "49.5217+math.sin(q.anim_time*60*4-90)*1"]
				},
				"bone": {
					"rotation": ["-42.4728-math.sin(q.anim_time*30*8-70)*3", 1.68868, "1.8437-math.sin(q.anim_time*30*4+50)*8"]
				},
				"bone3": {
					"rotation": ["-42.5-math.sin(q.anim_time*30*8-80)*3", 0, "0-math.sin(q.anim_time*30*4+40)*10"]
				},
				"bone4": {
					"rotation": ["-44.9727-math.sin(q.anim_time*30*8-40)*3", 1.76749, "1.7683-math.sin(q.anim_time*30*4+80)*8"]
				},
				"bone5": {
					"rotation": ["-44.9727-math.sin(q.anim_time*30*8-50)*3", 1.76749, "1.7683-math.sin(q.anim_time*30*4+70)*10"]
				},
				"bone6": {
					"rotation": ["-44.9727-math.sin(q.anim_time*30*8-30)*3", 1.76749, "1.7683-math.sin(q.anim_time*30*4+90)*6"]
				},
				"bone7": {
					"rotation": ["-44.9727-math.sin(q.anim_time*30*8-20)*3", 1.76749, "1.7683-math.sin(q.anim_time*30*4+100)*4"]
				},
				"bone8": {
					"rotation": ["-44.9727-math.sin(q.anim_time*30*8-50)*3", 1.76749, "1.7683-math.sin(q.anim_time*30*4+70)*10"]
				},
				"bone10": {
					"rotation": ["-42.4728-math.sin(q.anim_time*30*8-70)*3", -1.68868, "-1.8437-math.sin(q.anim_time*30*4+50)*8"]
				},
				"bone11": {
					"rotation": ["-44.9727-math.sin(q.anim_time*30*8-40)*3", 1.76749, "1.7683-math.sin(q.anim_time*30*4+80)*8"]
				},
				"bone12": {
					"rotation": ["-44.9727-math.sin(q.anim_time*30*8-30)*3", 1.76749, "1.7683-math.sin(q.anim_time*30*4+90)*6"]
				},
				"bone13": {
					"rotation": ["-44.9727-math.sin(q.anim_time*30*8-20)*3", 1.76749, "1.7683-math.sin(q.anim_time*30*4+100)*4"]
				},
				"ribbonL1": {
					"rotation": [0, 0, "0-math.sin((q.anim_time+1)*60*4-50)*9"]
				},
				"ribbonL2": {
					"rotation": [0, 0, "0-math.sin((q.anim_time+1)*60*4-70)*9"]
				},
				"bone14": {
					"rotation": ["-44.9727-math.sin(q.anim_time*30*8-60)*3", 1.76749, "1.7683-math.sin(q.anim_time*30*4+60)*8"]
				},
				"bone15": {
					"rotation": ["-44.9727-math.sin(q.anim_time*30*8-60)*3", -1.76749, "-1.7683-math.sin(q.anim_time*30*4+60)*8"]
				},
				"ribbonL3": {
					"rotation": [0, 0, "0+math.sin((q.anim_time+1)*60*4+70)*12"]
				},
				"ribbonL5": {
					"rotation": [0, 0, "0+math.sin((q.anim_time+1)*60*4+20)*30"]
				},
				"cry1": {
					"rotation": ["math.sin(q.anim_time*30*8-20)*7", 0, "-math.sin(q.anim_time*30*4-50)*18"]
				},
				"cry2": {
					"rotation": ["math.sin(q.anim_time*30*8-30)*20", 0, "-math.sin(q.anim_time*30*4-50)*24"]
				},
				"cry3": {
					"rotation": ["math.sin(q.anim_time*30*8-10)*7", 0, "-math.sin(q.anim_time*30*4-50)*18"]
				},
				"cry4": {
					"rotation": ["math.sin(q.anim_time*30*8-20)*20", 0, "-math.sin(q.anim_time*30*4-40)*24"]
				},
				"cry5": {
					"rotation": ["math.sin(q.anim_time*30*8-0)*7", 0, "-math.sin(q.anim_time*30*4-50)*18"]
				},
				"cry6": {
					"rotation": ["math.sin(q.anim_time*30*8-10)*20", 0, "-math.sin(q.anim_time*30*4-30)*24"]
				},
				"cry9": {
					"rotation": ["math.sin(q.anim_time*30*8-20)*7", 0, "-math.sin(q.anim_time*30*4-50)*18"]
				},
				"cry10": {
					"rotation": ["math.sin(q.anim_time*30*8-20)*20", 0, "-math.sin(q.anim_time*30*4-40)*24"]
				},
				"cry7": {
					"rotation": ["math.sin(q.anim_time*30*8-20)*7", 0, "-math.sin(q.anim_time*30*4-50)*18"]
				},
				"cry8": {
					"rotation": ["math.sin(q.anim_time*30*8-10)*20", 0, "-math.sin(q.anim_time*30*4-30)*24"]
				},
				"body": {
					"rotation": [7, 0, "0-math.sin(q.anim_time*30*4)*1"],
					"position": ["0-math.sin(q.anim_time*30*4)*0.75", "0-math.sin(q.anim_time*30*8-30)*0.35", "-1.25-math.sin(q.anim_time*60*4+30)*0.1"]
				},
				"head": {
					"rotation": ["-2.5+math.sin(q.anim_time*60*4-90)*1", 0, "0+math.sin(q.anim_time*30*4-60)*2"]
				},
				"jewel1": {
					"rotation": ["math.sin(q.anim_time*60*4-110)*1", 0, 0]
				},
				"jewel4": {
					"rotation": ["math.sin(q.anim_time*60*4-110)*1", 0, 0]
				},
				"jewel2": {
					"rotation": ["math.sin(q.anim_time*60*4-110)*1", 0, 0]
				},
				"jewel3": {
					"rotation": ["math.sin(q.anim_time*60*4-110)*1", 0, 0]
				},
				"ribbonL4": {
					"rotation": [0, 0, "0+math.sin((q.anim_time+1)*60*4+60)*9"]
				},
				"ribbonR": {
					"rotation": [0, 0, "-math.sin((q.anim_time+1)*60*4-90)*12"],
					"position": [0, 1, -0.25]
				},
				"ribbonR1": {
					"rotation": [0, 0, "math.sin((q.anim_time+1)*60*4-50)*9"]
				},
				"ribbonR2": {
					"rotation": [0, 0, "math.sin((q.anim_time+1)*60*4-70)*9"]
				},
				"ribbonR3": {
					"rotation": [0, 0, "-math.sin((q.anim_time+1)*60*4+70)*12"]
				},
				"ribbonR4": {
					"rotation": [0, 0, "-math.sin((q.anim_time+1)*60*4+60)*9"]
				},
				"ribbonR5": {
					"rotation": [0, 0, "-math.sin((q.anim_time+1)*60*4+20)*30"]
				},
				"bone16": {
					"rotation": ["-math.sin(q.anim_time*30*4-30)*10", "math.sin(q.anim_time*30*8-0)*4", 0]
				},
				"bone18": {
					"rotation": ["math.sin(q.anim_time*30*4-30)*10", "math.sin(q.anim_time*30*8-0)*4", 0]
				},
				"bone17": {
					"rotation": ["math.sin(q.anim_time*30*8-0)*8", "math.sin(q.anim_time*30*4-30)*16", 0]
				},
				"ribbonL": {
					"rotation": [0, 0, "math.sin((q.anim_time+1)*60*4-90)*12"]
				},
				"ribbonLCrutch": {
					"rotation": [-40.03807, -69.72891, 50.82405],
					"position": [-0.5, 0.5, -0.75]
				},
				"ribbonRCrutch": {
					"rotation": [-40.03807, 69.72891, -50.82405],
					"position": {
						"0.0": {
							"post": [0.75, -0.1, -0.9],
							"lerp_mode": "catmullrom"
						}
					}
				},
				"torso": {
					"rotation": [7, 0, "0-math.sin(q.anim_time*30*4+30)*1"]
				},
				"torsoLower": {
					"rotation": [2.5, 0, 0]
				},
				"lowerBody": {
					"rotation": [2.5, 0, 0],
					"position": [0, 0.25, 0]
				}
			}
		},
		"animation.diancie_mega.sleep": {
			"loop": true,
			"animation_length": 3,
			"bones": {
				"bangL": {
					"rotation": ["8.1492+math.sin(q.anim_time*60*2-90)*1.5+1", "24.9401-math.sin(q.anim_time*60*2-40)*2.5+1", 69.47402],
					"position": [0, 0.25, -0.2]
				},
				"bangR": {
					"rotation": ["5.0446+math.sin(q.anim_time*60*2-90)*1.5+1", "-24.9963+math.sin(q.anim_time*60*2-40)*2.5+1", -67.4237],
					"position": [0, 0.25, -0.25]
				},
				"bangM": {
					"rotation": ["72.5-math.sin(q.anim_time*60*2-70)*1.5", 0, 0],
					"position": [0, 0.25, 0]
				},
				"armR": {
					"rotation": [31.67312, -39.89263, "-96.846+math.sin(q.anim_time*60*2+10)*0.5"]
				},
				"armL": {
					"rotation": [38.59347, 42.28407, "95.629-math.sin(q.anim_time*60*2+10)*0.5"]
				},
				"bone": {
					"rotation": ["-52.5+math.sin(q.anim_time*60*2-60)*3", 0, 0]
				},
				"bone3": {
					"rotation": ["-52.5+math.sin(q.anim_time*60*2-40)*3.5", 0, 0]
				},
				"bone4": {
					"rotation": ["-52.5+math.sin(q.anim_time*60*2-80)*1.5", 0, 0]
				},
				"bone5": {
					"rotation": ["-52.5+math.sin(q.anim_time*60*2-100)*1.5", 0, 0]
				},
				"bone6": {
					"rotation": ["-52.5+math.sin(q.anim_time*60*2-60)*1.5", 0, 0]
				},
				"bone7": {
					"rotation": ["-52.5+math.sin(q.anim_time*60*2-40)*1.5", 0, 0]
				},
				"bone8": {
					"rotation": ["-52.5+math.sin(q.anim_time*60*2-100)*1.5", 0, 0]
				},
				"bone10": {
					"rotation": ["-52.5+math.sin(q.anim_time*60*2-60)*3", 0, 0]
				},
				"bone11": {
					"rotation": ["-52.5+math.sin(q.anim_time*60*2-80)*1.5", 0, 0]
				},
				"bone12": {
					"rotation": ["-52.5+math.sin(q.anim_time*60*2-60)*1.5", 0, 0]
				},
				"bone13": {
					"rotation": ["-52.5+math.sin(q.anim_time*60*2-40)*1.5", 0, 0]
				},
				"ribbonL1": {
					"rotation": [0, 0, "-2.5-math.sin((q.anim_time+2)*60*2-50)*4"]
				},
				"ribbonL2": {
					"rotation": [0, 0, "-2.5-math.sin((q.anim_time+2)*60*2-70)*4"]
				},
				"bone14": {
					"rotation": ["-52.5+math.sin(q.anim_time*60*2-80)*2", 0, 0]
				},
				"bone15": {
					"rotation": ["-52.5+math.sin(q.anim_time*60*2-80)*2", 0, 0]
				},
				"ribbonL3": {
					"rotation": [0, 0, "-7.5+math.sin((q.anim_time+2)*60*2+70)*3"]
				},
				"ribbonL5": {
					"rotation": [0, 0, "0+math.sin((q.anim_time+2)*60*2+20)*15"]
				},
				"cry1": {
					"rotation": ["-10-math.sin(q.anim_time*60*2+60)*6.5", 0, 0]
				},
				"cry2": {
					"rotation": ["-math.sin(q.anim_time*60*2+60)*7.5", 0, 0]
				},
				"cry3": {
					"rotation": ["-10-math.sin(q.anim_time*60*2+30)*5.5", 0, 0]
				},
				"cry4": {
					"rotation": ["-math.sin(q.anim_time*60*2-60)*6.5", 0, 0]
				},
				"cry5": {
					"rotation": ["-10-math.sin(q.anim_time*60*2-30)*4.5", 0, 0]
				},
				"cry6": {
					"rotation": ["-math.sin(q.anim_time*60*2-60)*5.5", 0, 0]
				},
				"cry9": {
					"rotation": ["-10-math.sin(q.anim_time*60*2+30)*5.5", 0, 0]
				},
				"cry10": {
					"rotation": ["-math.sin(q.anim_time*60*2-60)*6.5", 0, 0]
				},
				"cry7": {
					"rotation": ["-10-math.sin(q.anim_time*60*2-30)*4.5", 0, 0]
				},
				"cry8": {
					"rotation": ["-math.sin(q.anim_time*60*2-60)*5.5", 0, 0]
				},
				"body": {
					"rotation": ["11.9889-math.sin(q.anim_time*60*2-30)*0.75", 0.51962, -2.44544],
					"position": [0, "-1-math.sin(q.anim_time*60*2-90)*0.12", "-0.8-math.sin(q.anim_time*60*2-10)*0.08"]
				},
				"head": {
					"rotation": ["-math.sin(q.anim_time*60*2+40)*2+15.3079", 8.90736, -4.84761]
				},
				"jewel1": {
					"rotation": ["0-math.sin(q.anim_time*60*2-50)*1.5+1", 0, 0]
				},
				"jewel4": {
					"rotation": ["0-math.sin(q.anim_time*60*2-50)*1.5+1", 0, 0]
				},
				"jewel2": {
					"rotation": ["0-math.sin(q.anim_time*60*2-50)*1.5+1", 0, 0]
				},
				"jewel3": {
					"rotation": ["0-math.sin(q.anim_time*60*2-50)*1.5+1", 0, 0]
				},
				"ribbonL4": {
					"rotation": [0, 0, "0+math.sin((q.anim_time+2)*60*2+60)*6"]
				},
				"ribbonR": {
					"rotation": [0, 0, "-11.75-math.sin((q.anim_time+2)*60*2-90)*3"],
					"position": [0, 1, -0.25]
				},
				"ribbonR1": {
					"rotation": [0, 0, "2.5+math.sin((q.anim_time+2)*60*2-50)*4"]
				},
				"ribbonR2": {
					"rotation": [0, 0, "2.5+math.sin((q.anim_time+2)*60*2-70)*4"]
				},
				"ribbonR3": {
					"rotation": [0, 0, "7.5-math.sin((q.anim_time+2)*60*2+70)*3"]
				},
				"ribbonR4": {
					"rotation": [0, 0, "-math.sin((q.anim_time+2)*60*2+70)*3"]
				},
				"ribbonR5": {
					"rotation": [0, 0, "-math.sin((q.anim_time+2)*60*2+20)*15"]
				},
				"bone16": {
					"rotation": ["10+math.sin(q.anim_time*60*2-0)*5.5", "-math.sin(q.anim_time*60*2-90)*5.5", 0]
				},
				"bone18": {
					"rotation": ["12.5-math.sin(q.anim_time*60*2-0)*5.5", "0-math.sin(q.anim_time*60*2-90)*5.5", 0]
				},
				"bone17": {
					"rotation": ["12.5+math.sin(q.anim_time*60*2)*2.5", 0, 0]
				},
				"ribbonL": {
					"rotation": [0, 0, "12.75+math.sin((q.anim_time+2)*60*2-90)*3"],
					"position": [0, 0.225, 0]
				},
				"ribbonLCrutch": {
					"rotation": [-37.8672, 4.7603, 57.88111],
					"position": [0, 0.775, 0.075]
				},
				"ribbonRCrutch": {
					"rotation": [-37.57941, -1.86677, -50.04166],
					"position": {
						"0.0": {
							"post": [0.75, 0.4, -0.325],
							"lerp_mode": "catmullrom"
						}
					}
				},
				"eyeL": {
					"position": [0.1, 0, -0.1]
				},
				"eyeR": {
					"position": [-0.05, 0, -0.1]
				},
				"mouthOpen": {
					"position": [0, -0.17047, -0.10754],
					"scale": ["0.5+math.sin(q.anim_time*90*1.333+100)*0.05 ", "0.365+math.sin(q.anim_time*90*1.333+100)*0.08 ", 1]
				},
				"torso": {
					"rotation": [0, 0, 2.5]
				},
				"torsoLower": {
					"rotation": [-5, 0, 0]
				}
			}
		},
		"animation.diancie_mega.faint": {
			"loop": true,
			"animation_length": 3,
			"bones": {
				"bangL": {
					"rotation": {
						"0.0": [-2.5, 2.5, 70],
						"0.1667": {
							"pre": [-1.56892, 56.00184, 85.1502],
							"post": [-1.56892, 56.00184, 85.1502],
							"lerp_mode": "catmullrom"
						},
						"0.5": {
							"post": [-4.67511, 39.2978, 87.17554],
							"lerp_mode": "catmullrom"
						},
						"0.9": {
							"post": [-30, -22, 70],
							"lerp_mode": "catmullrom"
						},
						"1.3": {
							"post": [-37.5, -41.5, 70],
							"lerp_mode": "catmullrom"
						},
						"1.5": {
							"post": [-62.5, -4, 70],
							"lerp_mode": "catmullrom"
						},
						"1.6667": {
							"post": [4.70195, 64.16002, 1.72096],
							"lerp_mode": "catmullrom"
						}
					}
				},
				"bangR": {
					"rotation": {
						"0.0": [-2.5, -2.5, -70],
						"0.2": [-1.88945, -58.50744, -85.64339],
						"1.3333": {
							"pre": [-146.38, -28.13, -159.12],
							"post": [-146.38, -28.13, -159.12],
							"lerp_mode": "catmullrom"
						},
						"1.6667": {
							"post": [-184.26, -49.7, -204.24],
							"lerp_mode": "catmullrom"
						},
						"1.8": {
							"post": [-174.24, -34.52, -196.18],
							"lerp_mode": "catmullrom"
						}
					}
				},
				"bangM": {
					"rotation": {
						"0.0": [70, 0, 0],
						"0.2": {
							"pre": [70, 0, 0],
							"post": [70, 0, 0],
							"lerp_mode": "catmullrom"
						},
						"0.5": {
							"post": [86.8, 0, 15],
							"lerp_mode": "catmullrom"
						},
						"0.9": {
							"post": [66.8, 0, 0],
							"lerp_mode": "catmullrom"
						},
						"1.3333": {
							"post": [18.5, 0, 0],
							"lerp_mode": "catmullrom"
						},
						"1.5": {
							"post": [24.04, 0, 12.5],
							"lerp_mode": "catmullrom"
						},
						"1.6667": {
							"post": [80, 0, 25],
							"lerp_mode": "catmullrom"
						},
						"1.8": {
							"post": [75, 0, 25],
							"lerp_mode": "catmullrom"
						}
					},
					"position": [0, 0.25, 0]
				},
				"armR": {
					"rotation": {
						"0.0": [15.38152, -19.291, -65.9153],
						"0.2667": {
							"pre": [-0.43709, -61.89961, -70.78215],
							"post": [-0.43709, -61.89961, -70.78215],
							"lerp_mode": "catmullrom"
						},
						"0.9333": {
							"post": [-15.34952, -6.96528, -40.10754],
							"lerp_mode": "catmullrom"
						},
						"1.2": {
							"post": [-38.18763, -3.43456, -20.34062],
							"lerp_mode": "catmullrom"
						},
						"1.4333": {
							"post": [-59.46647, -22.35435, -4.07802],
							"lerp_mode": "catmullrom"
						},
						"1.6": {
							"post": [-34.40575, 17.64608, -25.2442],
							"lerp_mode": "catmullrom"
						},
						"1.8": {
							"post": [-37.58, -2.57, -25.35],
							"lerp_mode": "catmullrom"
						}
					}
				},
				"armL": {
					"rotation": {
						"0.0": [15.38152, 19.291, 65.9153],
						"0.2": {
							"pre": [10.96823, 62.19427, 60.88902],
							"post": [10.96823, 62.19427, 60.88902],
							"lerp_mode": "catmullrom"
						},
						"0.7667": {
							"post": [-18.50262, -11.20174, 39.48316],
							"lerp_mode": "catmullrom"
						},
						"1.1333": {
							"post": [-23.04944, -10.45545, 29.34276],
							"lerp_mode": "catmullrom"
						},
						"1.3667": {
							"post": [-34.49167, 17.81349, 10.43291],
							"lerp_mode": "catmullrom"
						},
						"1.5333": {
							"post": [17.87, -21.63, 32.47],
							"lerp_mode": "catmullrom"
						},
						"1.6667": {
							"post": [13.62875, 54.24253, 17.09118],
							"lerp_mode": "catmullrom"
						},
						"1.8": {
							"post": [13.62628, 54.24362, 17.09316],
							"lerp_mode": "catmullrom"
						}
					},
					"position": [0, 0, 0]
				},
				"bone": {
					"rotation": {
						"0.0": [-50, 0, 0],
						"0.1667": {
							"pre": [-42.07, -4.97, -10.43],
							"post": [-42.07, -4.97, -10.43],
							"lerp_mode": "catmullrom"
						},
						"0.4667": {
							"post": [-60.59, -15.31, -27.98],
							"lerp_mode": "catmullrom"
						},
						"0.9333": {
							"post": [-20.59, -15.31, 5.02],
							"lerp_mode": "catmullrom"
						},
						"1.5": {
							"post": [-52.52, -15.94, 15.36],
							"lerp_mode": "catmullrom"
						},
						"1.5667": {
							"post": [-36.55, -18.56, 7.62],
							"lerp_mode": "catmullrom"
						},
						"1.6667": {
							"post": [-44.09, -15.31, 5.02],
							"lerp_mode": "catmullrom"
						},
						"1.8": {
							"post": [-103.59, 6.69, 5.52],
							"lerp_mode": "catmullrom"
						},
						"2.0": {
							"post": [-101.59, 6.69, 5.52],
							"lerp_mode": "catmullrom"
						}
					}
				},
				"bone3": {
					"rotation": {
						"0.0": [-50, 0, 0],
						"0.1667": {
							"pre": [-34.02, -3.39, -14.5],
							"post": [-34.02, -3.39, -14.5],
							"lerp_mode": "catmullrom"
						},
						"0.4": {
							"post": [-60.59, -9.31, -31.98],
							"lerp_mode": "catmullrom"
						},
						"1.1": {
							"post": [-23.59, -15.31, 4.02],
							"lerp_mode": "catmullrom"
						},
						"1.5": {
							"post": [-51.52, -15.94, 7.36],
							"lerp_mode": "catmullrom"
						},
						"1.6333": {
							"post": [-39.31, -17.23, 7.08],
							"lerp_mode": "catmullrom"
						},
						"1.7": {
							"post": [-63.09, -15.31, 6.02],
							"lerp_mode": "catmullrom"
						},
						"1.8333": {
							"post": [-92.59, 9.69, -5.48],
							"lerp_mode": "catmullrom"
						},
						"2.0333": {
							"post": [-90.59, 9.69, -5.48],
							"lerp_mode": "catmullrom"
						}
					}
				},
				"bone4": {
					"rotation": {
						"0.0": [-50, 0, 0],
						"0.3": {
							"pre": [-46, 6, -65],
							"post": [-46, 6, -65],
							"lerp_mode": "catmullrom"
						},
						"0.9667": {
							"post": [-33.5, 12.5, 25],
							"lerp_mode": "catmullrom"
						},
						"1.4333": {
							"post": [-44.14, -0.46, 4.41],
							"lerp_mode": "catmullrom"
						},
						"1.5333": {
							"post": [-40, -4, 1],
							"lerp_mode": "catmullrom"
						},
						"1.7333": {
							"post": [-71, -26, 2.5],
							"lerp_mode": "catmullrom"
						},
						"1.9667": {
							"post": [-75, -31, 10.5],
							"lerp_mode": "catmullrom"
						}
					}
				},
				"bone5": {
					"rotation": {
						"0.0": [-50, 0, 0],
						"0.3667": {
							"pre": [-57.5, -9, -51],
							"post": [-57.5, -9, -51],
							"lerp_mode": "catmullrom"
						},
						"0.8667": {
							"post": [-35, 16.5, 7],
							"lerp_mode": "catmullrom"
						},
						"1.4333": {
							"post": [-46.4, 3.91, 4.23],
							"lerp_mode": "catmullrom"
						},
						"1.5667": {
							"post": [-53, 0, 9.5],
							"lerp_mode": "catmullrom"
						},
						"1.8": {
							"post": [-95.5, -22.5, -7],
							"lerp_mode": "catmullrom"
						},
						"1.9667": {
							"post": [-94.5, -22.5, -7],
							"lerp_mode": "catmullrom"
						}
					}
				},
				"bone6": {
					"rotation": {
						"0.0": [-50, 0, 0],
						"0.3333": {
							"pre": [-43.5, 6, -65],
							"post": [-43.5, 6, -65],
							"lerp_mode": "catmullrom"
						},
						"0.6333": {
							"post": [-32.92, 13.08, -9.93],
							"lerp_mode": "catmullrom"
						},
						"0.9": {
							"post": [-37, 16.5, 32],
							"lerp_mode": "catmullrom"
						},
						"1.3667": {
							"post": [-37.5, 0, 2],
							"lerp_mode": "catmullrom"
						},
						"1.7667": {
							"post": [-52.5, -22.5, -3.5],
							"lerp_mode": "catmullrom"
						}
					}
				},
				"bone7": {
					"rotation": {
						"0.0": [-50, 0, 0],
						"0.3667": {
							"pre": [-38.5, 6, -65],
							"post": [-38.5, 6, -65],
							"lerp_mode": "catmullrom"
						},
						"0.8667": {
							"post": [-44.5, 16.5, 27.5],
							"lerp_mode": "catmullrom"
						},
						"1.3": {
							"post": [-42, 0, 12.5],
							"lerp_mode": "catmullrom"
						},
						"1.7": {
							"post": [-20, 0, -2.5],
							"lerp_mode": "catmullrom"
						}
					},
					"position": [0, 0, 0]
				},
				"bone8": {
					"rotation": {
						"0.0": [-50, 0, 0],
						"0.3333": {
							"pre": [-62.5, -8, 33],
							"post": [-62.5, -8, 33],
							"lerp_mode": "catmullrom"
						},
						"0.7333": {
							"post": [-33, -10.5, -10],
							"lerp_mode": "catmullrom"
						},
						"1.3": {
							"post": [-31, 0, -21.5],
							"lerp_mode": "catmullrom"
						},
						"1.6": {
							"post": [-36, 0, -25.5],
							"lerp_mode": "catmullrom"
						},
						"1.8": {
							"post": [-69, 45, -24.5],
							"lerp_mode": "catmullrom"
						},
						"1.9333": {
							"post": [-69, 45, -24.5],
							"lerp_mode": "catmullrom"
						}
					}
				},
				"bone10": {
					"rotation": {
						"0.0": [-50, 0, 0],
						"0.1333": {
							"pre": [-46.71, -1.94, -11.91],
							"post": [-46.71, -1.94, -11.91],
							"lerp_mode": "catmullrom"
						},
						"0.5667": {
							"post": [-62.59, -6.31, -27.98],
							"lerp_mode": "catmullrom"
						},
						"1.0667": {
							"post": [-28.59, -15.31, 1.02],
							"lerp_mode": "catmullrom"
						},
						"1.4667": {
							"post": [-51.52, -15.94, 2.36],
							"lerp_mode": "catmullrom"
						},
						"1.6667": {
							"post": [-39.09, -15.31, 3.02],
							"lerp_mode": "catmullrom"
						},
						"1.8667": {
							"post": [-81.59, 17.69, -6.48],
							"lerp_mode": "catmullrom"
						},
						"2.0667": {
							"post": [-88.59, 17.19, -10.48],
							"lerp_mode": "catmullrom"
						}
					}
				},
				"bone11": {
					"rotation": {
						"0.0": [-50, 0, 0],
						"0.4": {
							"pre": [-55.5, -6, 28],
							"post": [-55.5, -6, 28],
							"lerp_mode": "catmullrom"
						},
						"0.7667": {
							"post": [-35, -16.5, -8],
							"lerp_mode": "catmullrom"
						},
						"1.2333": {
							"post": [-33, 2, -32.5],
							"lerp_mode": "catmullrom"
						},
						"1.6333": {
							"post": [-20, 0, -35],
							"lerp_mode": "catmullrom"
						},
						"1.7667": {
							"post": [-20, 0, -5.5],
							"lerp_mode": "catmullrom"
						},
						"1.9": {
							"post": [-20, 0, -5.5],
							"lerp_mode": "catmullrom"
						}
					}
				},
				"bone12": {
					"rotation": {
						"0.0": [-50, 0, 0],
						"0.4": {
							"pre": [-38.5, -6, 24],
							"post": [-38.5, -6, 24],
							"lerp_mode": "catmullrom"
						},
						"0.7333": {
							"post": [-44.5, -16.5, -8.5],
							"lerp_mode": "catmullrom"
						},
						"1.3": {
							"post": [-41, -4, -40.5],
							"lerp_mode": "catmullrom"
						},
						"1.7333": {
							"post": [7.5, 0, -32.5],
							"lerp_mode": "catmullrom"
						},
						"1.9333": {
							"post": [7.5, 0, -30],
							"lerp_mode": "catmullrom"
						}
					}
				},
				"bone13": {
					"rotation": {
						"0.0": [-50, 0, 0],
						"0.4333": {
							"pre": [-38.5, -6, 32],
							"post": [-38.5, -6, 32],
							"lerp_mode": "catmullrom"
						},
						"0.7": {
							"post": [-44.5, -16.5, 14.5],
							"lerp_mode": "catmullrom"
						},
						"0.9333": {
							"post": [-57, -18.5, -20],
							"lerp_mode": "catmullrom"
						},
						"1.7": {
							"post": [-58, 0, -50],
							"lerp_mode": "catmullrom"
						}
					}
				},
				"bone14": {
					"rotation": {
						"0.0": [-50, 0, 0],
						"0.1667": {
							"pre": [-45.88, -6.07, -17.99],
							"post": [-45.88, -6.07, -17.99],
							"lerp_mode": "catmullrom"
						},
						"0.4333": {
							"post": [-62.59, -15.31, -37.98],
							"lerp_mode": "catmullrom"
						},
						"1.0667": {
							"post": [-25.59, -15.31, 20.02],
							"lerp_mode": "catmullrom"
						},
						"1.4333": {
							"post": [-47.18, -16.05, 18.68],
							"lerp_mode": "catmullrom"
						},
						"1.5333": {
							"post": [-51.89, -16.35, 24.86],
							"lerp_mode": "catmullrom"
						},
						"1.6333": {
							"post": [-49.09, -15.31, 25.02],
							"lerp_mode": "catmullrom"
						},
						"1.8": {
							"post": [-104.59, -5.31, 14.52],
							"lerp_mode": "catmullrom"
						},
						"2.0": {
							"post": [-102.59, -5.31, 14.52],
							"lerp_mode": "catmullrom"
						}
					}
				},
				"bone15": {
					"rotation": {
						"0.0": [-50, 0, 0],
						"0.4333": {
							"pre": [-68.59, 0.69, -12.98],
							"post": [-68.59, 0.69, -12.98],
							"lerp_mode": "catmullrom"
						},
						"1.0": {
							"post": [-24.09, -15.31, -3.98],
							"lerp_mode": "catmullrom"
						},
						"1.5333": {
							"post": [-58.52, -15.94, 4.36],
							"lerp_mode": "catmullrom"
						},
						"1.7": {
							"post": [-45.09, -4.31, 3.02],
							"lerp_mode": "catmullrom"
						},
						"1.9": {
							"post": [-74.59, 27.69, -4.48],
							"lerp_mode": "catmullrom"
						},
						"2.1": {
							"post": [-77.59, 27.19, -9.48],
							"lerp_mode": "catmullrom"
						}
					}
				},
				"cry1": {
					"rotation": {
						"0.0": [0, 0, 0],
						"0.2667": {
							"pre": [15.5, 0, 0],
							"post": [15.5, 0, 0],
							"lerp_mode": "catmullrom"
						},
						"0.4667": {
							"post": [-22.5, 0, 0],
							"lerp_mode": "catmullrom"
						},
						"1.0333": {
							"post": [-25, 0, -1],
							"lerp_mode": "catmullrom"
						},
						"1.2333": {
							"post": [-9.4, 0, -1],
							"lerp_mode": "catmullrom"
						},
						"1.4667": {
							"post": [-8, 0, -0.8],
							"lerp_mode": "catmullrom"
						},
						"1.7": {
							"post": [23.08, 0, 0],
							"lerp_mode": "catmullrom"
						},
						"2.0": {
							"post": [-87.5, 11, 6],
							"lerp_mode": "catmullrom"
						},
						"2.2667": {
							"post": [-67.5, 11, 6],
							"lerp_mode": "catmullrom"
						},
						"2.5333": {
							"post": [-76.2, 11, 6],
							"lerp_mode": "catmullrom"
						},
						"2.7": {
							"post": [-72.5, 11, 6],
							"lerp_mode": "catmullrom"
						}
					}
				},
				"cry2": {
					"rotation": {
						"0.0": [0, 0, 0],
						"0.2": {
							"pre": [27.5, 0, 0],
							"post": [27.5, 0, 0],
							"lerp_mode": "catmullrom"
						},
						"0.4667": {
							"post": [-17.5, 0, 0],
							"lerp_mode": "catmullrom"
						},
						"0.9333": {
							"post": [-19.75, 0, -7.5],
							"lerp_mode": "catmullrom"
						},
						"1.2333": {
							"post": [4.71, 0, -8.5],
							"lerp_mode": "catmullrom"
						},
						"1.4333": {
							"post": [-23.5, 0, -6.5],
							"lerp_mode": "catmullrom"
						},
						"1.6667": {
							"post": [12.5, 0, 7.9],
							"lerp_mode": "catmullrom"
						},
						"1.8667": {
							"post": [12.5, 0, 7.9],
							"lerp_mode": "catmullrom"
						},
						"2.0": {
							"post": [-13.5, 0, 3],
							"lerp_mode": "catmullrom"
						},
						"2.1333": {
							"post": [-18.5, 0, 0],
							"lerp_mode": "catmullrom"
						},
						"2.3": {
							"post": [2.5, 0, 0],
							"lerp_mode": "catmullrom"
						},
						"2.5667": {
							"post": [-9.5, 0, 0],
							"lerp_mode": "catmullrom"
						},
						"2.7667": {
							"post": [-4.5, 0, 0],
							"lerp_mode": "catmullrom"
						}
					}
				},
				"cry3": {
					"rotation": {
						"0.0": [0, 0, 0],
						"0.2667": {
							"pre": [15.5, 0, 0],
							"post": [15.5, 0, 0],
							"lerp_mode": "catmullrom"
						},
						"0.4667": {
							"post": [-22.5, 0, 0],
							"lerp_mode": "catmullrom"
						},
						"1.0333": {
							"post": [-26, 0, -1],
							"lerp_mode": "catmullrom"
						},
						"1.2333": {
							"post": [-10.4, 0, -1],
							"lerp_mode": "catmullrom"
						},
						"1.4667": {
							"post": [-9, 0, -0.8],
							"lerp_mode": "catmullrom"
						},
						"1.7": {
							"post": [22.08, 0, 0],
							"lerp_mode": "catmullrom"
						},
						"1.9667": {
							"post": [-51.5, 7, 4],
							"lerp_mode": "catmullrom"
						},
						"2.2333": {
							"post": [-57.5, 7, 4],
							"lerp_mode": "catmullrom"
						}
					}
				},
				"cry4": {
					"rotation": {
						"0.0": [0, 0, 0],
						"0.2": {
							"pre": [27.5, 0, 0],
							"post": [27.5, 0, 0],
							"lerp_mode": "catmullrom"
						},
						"0.4667": {
							"post": [-17.5, 0, 0],
							"lerp_mode": "catmullrom"
						},
						"0.9333": {
							"post": [-19.75, 0, -7.5],
							"lerp_mode": "catmullrom"
						},
						"1.2333": {
							"post": [4.71, 0, -8.5],
							"lerp_mode": "catmullrom"
						},
						"1.4333": {
							"post": [-23.5, 0, -6.5],
							"lerp_mode": "catmullrom"
						},
						"1.6667": {
							"post": [12.5, 0, 7.9],
							"lerp_mode": "catmullrom"
						},
						"1.8333": {
							"post": [12.5, 0, 7.9],
							"lerp_mode": "catmullrom"
						},
						"1.9667": {
							"post": [44.5, 0, 3],
							"lerp_mode": "catmullrom"
						},
						"2.1333": {
							"post": [23.5, 0, 0],
							"lerp_mode": "catmullrom"
						}
					}
				},
				"cry5": {
					"rotation": {
						"0.0": [0, 0, 0],
						"0.2667": {
							"pre": [15.5, 0, 0],
							"post": [15.5, 0, 0],
							"lerp_mode": "catmullrom"
						},
						"0.4667": {
							"post": [-22.5, 0, 0],
							"lerp_mode": "catmullrom"
						},
						"1.0333": {
							"post": [-26, 0, -1],
							"lerp_mode": "catmullrom"
						},
						"1.2333": {
							"post": [-10.4, 0, -1],
							"lerp_mode": "catmullrom"
						},
						"1.5667": {
							"post": [-7, 0, -0.8],
							"lerp_mode": "catmullrom"
						},
						"1.8": {
							"post": [24.08, 0, 0],
							"lerp_mode": "catmullrom"
						},
						"1.9667": {
							"post": [-50.28188, -0.8283, -11.15415],
							"lerp_mode": "catmullrom"
						},
						"2.2333": {
							"post": [-50.28188, -0.8283, -11.15415],
							"lerp_mode": "catmullrom"
						}
					}
				},
				"cry6": {
					"rotation": {
						"0.0": [0, 0, 0],
						"0.2": {
							"pre": [27.5, 0, 0],
							"post": [27.5, 0, 0],
							"lerp_mode": "catmullrom"
						},
						"0.4667": {
							"post": [-17.5, 0, 0],
							"lerp_mode": "catmullrom"
						},
						"0.9333": {
							"post": [-19.75, 0, -7.5],
							"lerp_mode": "catmullrom"
						},
						"1.2333": {
							"post": [4.71, 0, -8.5],
							"lerp_mode": "catmullrom"
						},
						"1.4333": {
							"post": [-23.5, 0, -6.5],
							"lerp_mode": "catmullrom"
						},
						"1.6667": {
							"post": [12.5, 0, 7.9],
							"lerp_mode": "catmullrom"
						},
						"1.8333": {
							"post": [12.5, 0, 7.9],
							"lerp_mode": "catmullrom"
						},
						"1.9667": {
							"post": [44.5, 0, 3],
							"lerp_mode": "catmullrom"
						},
						"2.1333": {
							"post": [23.5, 0, 0],
							"lerp_mode": "catmullrom"
						}
					}
				},
				"cry9": {
					"rotation": {
						"0.0": [0, 0, 0],
						"0.2667": {
							"pre": [15.5, 0, 0],
							"post": [15.5, 0, 0],
							"lerp_mode": "catmullrom"
						},
						"0.4667": {
							"post": [-22.5, 0, 0],
							"lerp_mode": "catmullrom"
						},
						"1.0333": {
							"post": [-26, 0, -1],
							"lerp_mode": "catmullrom"
						},
						"1.2333": {
							"post": [-10.4, 0, -1],
							"lerp_mode": "catmullrom"
						},
						"1.4667": {
							"post": [-9, 0, -0.8],
							"lerp_mode": "catmullrom"
						},
						"1.8": {
							"post": [19.08, 0, 0],
							"lerp_mode": "catmullrom"
						},
						"2.0333": {
							"post": [-55.5, 23, 4],
							"lerp_mode": "catmullrom"
						},
						"2.2": {
							"post": [-52.5, 23, 4],
							"lerp_mode": "catmullrom"
						}
					}
				},
				"cry10": {
					"rotation": {
						"0.0": [0, 0, 0],
						"0.2": {
							"pre": [27.5, 0, 0],
							"post": [27.5, 0, 0],
							"lerp_mode": "catmullrom"
						},
						"0.4667": {
							"post": [-17.5, 0, 0],
							"lerp_mode": "catmullrom"
						},
						"0.9333": {
							"post": [-19.75, 0, -7.5],
							"lerp_mode": "catmullrom"
						},
						"1.2333": {
							"post": [4.71, 0, -8.5],
							"lerp_mode": "catmullrom"
						},
						"1.4333": {
							"post": [-23.5, 0, -6.5],
							"lerp_mode": "catmullrom"
						},
						"1.6667": {
							"post": [12.5, 0, 7.9],
							"lerp_mode": "catmullrom"
						},
						"1.8333": {
							"post": [12.5, 0, 7.9],
							"lerp_mode": "catmullrom"
						},
						"1.9667": {
							"post": [44.5, 0, 3],
							"lerp_mode": "catmullrom"
						},
						"2.1333": {
							"post": [23.5, 0, 0],
							"lerp_mode": "catmullrom"
						}
					}
				},
				"cry7": {
					"rotation": {
						"0.0": [0, 0, 0],
						"0.2": {
							"pre": [37.5, 0, 0],
							"post": [37.5, 0, 0],
							"lerp_mode": "catmullrom"
						},
						"0.5667": {
							"post": [-27.5, 0, 0],
							"lerp_mode": "catmullrom"
						},
						"1.1667": {
							"post": [-30.49, 0, 0],
							"lerp_mode": "catmullrom"
						},
						"1.4": {
							"post": [19.5, 0, 0],
							"lerp_mode": "catmullrom"
						},
						"1.6": {
							"post": [-14.5, 0, 0],
							"lerp_mode": "catmullrom"
						},
						"1.8333": {
							"post": [49.5, 32.5, -12.5],
							"lerp_mode": "catmullrom"
						},
						"2.0333": {
							"post": [-15, 32.5, -12.5],
							"lerp_mode": "catmullrom"
						},
						"2.2333": {
							"post": [-12, 32.5, -12.5],
							"lerp_mode": "catmullrom"
						}
					}
				},
				"cry8": {
					"rotation": {
						"0.0": [0, 0, 0],
						"0.2": {
							"pre": [17.5, 0, 0],
							"post": [17.5, 0, 0],
							"lerp_mode": "catmullrom"
						},
						"0.6333": {
							"post": [-30, 0, 0],
							"lerp_mode": "catmullrom"
						},
						"1.2333": {
							"post": [7.5, 0, 0],
							"lerp_mode": "catmullrom"
						},
						"1.5667": {
							"post": [17.5, 0, -15],
							"lerp_mode": "catmullrom"
						},
						"1.9": {
							"post": [41.5, 0, -15],
							"lerp_mode": "catmullrom"
						},
						"2.1667": {
							"post": [7.5, 0, -15],
							"lerp_mode": "catmullrom"
						},
						"2.3333": {
							"post": [11.5, 0, -15],
							"lerp_mode": "catmullrom"
						}
					}
				},
				"body": {
					"rotation": {
						"0.0": [4.5, 0, 0],
						"0.0333": [4.22271, 0.05201, 0.2135],
						"0.0667": [3.15272, 0.24439, 1.18687],
						"0.1": [0.93634, 0.6, 3.1431],
						"0.1333": [-1.99004, 0.95561, 4.69494],
						"0.1667": [-4.56112, 1.14799, 5.62423],
						"0.2": [-6.5, 1.2, 6.2],
						"0.2333": [-8.15122, 0.88816, 6.63598],
						"0.2667": [-9.75161, 0.14048, 7.02111],
						"0.3": [-11.27042, -0.86868, 7.32579],
						"0.3333": [-12.68445, -2.03571, 7.52045],
						"0.3667": [-13.97298, -3.28835, 7.58586],
						"0.4": [-15.11569, -4.56817, 7.52062],
						"0.4333": [-16.09047, -5.82081, 7.33936],
						"0.4667": [-16.87232, -6.98784, 7.06432],
						"0.5": [-17.43169, -7.997, 6.71779],
						"0.5333": [-17.73229, -8.74468, 6.31847],
						"0.5667": [-17.7282, -9.05652, 5.88074],
						"0.6": [-17.45491, -9.01597, 5.36424],
						"0.8": [-13.85597, -8.25775, 0.62702],
						"1.0": [-8.55429, -7.11176, -5.65554],
						"1.1333": [-4.075, -6, -10.5],
						"1.1667": [-2.11952, -5.5689, -11.75857],
						"1.2": [1.21451, -5.05409, -12.94223],
						"1.2333": [5.90861, -4.4847, -14.06443],
						"1.2667": [11.9204, -3.88175, -15.13339],
						"1.3": [19.17347, -3.26208, -16.15406],
						"1.3333": [27.54891, -2.64069, -17.12904],
						"1.3667": [36.87824, -2.03246, -18.05917],
						"1.4": [46.92777, -1.45374, -18.94332],
						"1.4667": [67.87223, -0.47239, -20.55817],
						"1.5": [77.89704, -0.13918, -21.27196],
						"1.5333": [86.9, 0, -21.9],
						"1.5667": [88.06053, 0, -22.81437],
						"1.6": [86.66428, 0, -24.13492],
						"1.6333": [83.91273, 0, -25.26279],
						"1.6667": [82.40152, 0, -25.70243],
						"1.7": [82, 0, -25.8],
						"1.7333": [82.23994, 0, -25.66083],
						"1.7667": [83.36495, 0, -25.00833],
						"1.8": [85.63505, 0, -23.69167],
						"1.8333": [86.76006, 0, -23.03917],
						"1.8667": [87, 0, -22.9]
					},
					"position": {
						"0.0": [0, 1, 0],
						"0.0333": [0.05521, 0.94289, 0.08963],
						"0.0667": [0.3285, 0.72892, 0.38634],
						"0.1": [0.89137, 0.35459, 0.9304],
						"0.1333": [1.32355, 0.06731, 1.73157],
						"0.1667": [1.6035, -0.01043, 2.70203],
						"0.2": [1.8, 0.05, 3.625],
						"0.2333": [1.82931, 0.2177, 4.43802],
						"0.2667": [1.82594, 0.40005, 5.50025],
						"0.3": [1.79968, 0.59235, 6.65389],
						"0.3333": [1.75245, 0.79021, 7.71804],
						"0.3667": [1.68439, 0.99099, 8.59923],
						"0.4": [1.59478, 1.19328, 9.28609],
						"0.4333": [1.48218, 1.39633, 9.80123],
						"0.4667": [1.34462, 1.59972, 10.1733],
						"0.5": [1.17934, 1.80321, 10.42751],
						"0.5333": [0.98274, 2.00666, 10.58439],
						"0.5667": [0.75, 2.21, 10.66],
						"0.6": [0.55633, 2.28687, 10.6225],
						"0.6333": [0.38833, 2.34192, 10.58993],
						"0.6667": [0.23633, 2.38391, 10.55905],
						"0.8": [-0.27771, 2.47067, 10.40621],
						"0.8333": [-0.38976, 2.47601, 10.35022],
						"0.8667": [-0.49651, 2.47492, 10.28244],
						"0.9": [-0.59822, 2.46687, 10.19977],
						"0.9333": [-0.69502, 2.45094, 10.09823],
						"0.9667": [-0.7869, 2.42556, 9.9724],
						"1.0": [-0.87373, 2.38802, 9.81444],
						"1.0333": [-0.95521, 2.33317, 9.61196],
						"1.0667": [-1.03088, 2.24889, 9.34294],
						"1.1": [-1.1, 2.085, 8.96],
						"1.1333": [-1.15839, 1.6939, 8.34193],
						"1.1667": [-1.17793, 1.16319, 7.48651],
						"1.2": [-1.16427, 0.50694, 6.50983],
						"1.2333": [-1.12154, -0.26701, 5.45605],
						"1.2667": [-1.05278, -1.15676, 4.34772],
						"1.3": [-0.96024, -2.16795, 3.19855],
						"1.3333": [-0.84537, -3.31887, 2.01847],
						"1.3667": [-0.70884, -4.65997, 0.8175],
						"1.4": [-0.55, -6.4, -0.37],
						"1.4333": [-0.37901, -9.89416, -1.67402],
						"1.4667": [-0.22452, -14.01849, -2.8971],
						"1.5": [-0.11067, -17.53842, -3.87584],
						"1.5333": [-0.04227, -20.09375, -4.58201],
						"1.5667": [-0.00911, -21.60694, -5.00772],
						"1.6": [0, -22.1, -5.15],
						"1.6667": [0, -21.2, -5.15]
					}
				},
				"head": {
					"rotation": {
						"0.0": [0, 0, 0],
						"0.1667": {
							"pre": [20, -1.775, 2],
							"post": [20, -1.775, 2],
							"lerp_mode": "catmullrom"
						},
						"0.7": {
							"post": [-10.68, 0, -4.5],
							"lerp_mode": "catmullrom"
						},
						"1.0667": {
							"post": [-20.2, 0, -1.1],
							"lerp_mode": "catmullrom"
						},
						"1.3": {
							"post": [-17.375, -6.9, 4],
							"lerp_mode": "catmullrom"
						},
						"1.6": {
							"post": [4.84062, -14.56261, -1.0708],
							"lerp_mode": "catmullrom"
						},
						"1.7667": {
							"post": [-3.86, -14.56, -1.07],
							"lerp_mode": "catmullrom"
						},
						"1.9333": {
							"post": [-1.86, -14.56, -1.07],
							"lerp_mode": "catmullrom"
						}
					}
				},
				"jewel1": {
					"rotation": [0, 0, 0]
				},
				"jewel4": {
					"rotation": [0, 0, 0]
				},
				"jewel2": {
					"rotation": [0, 0, 0]
				},
				"jewel3": {
					"rotation": [0, 0, 0]
				},
				"ribbonR": {
					"rotation": {
						"0.0": [0, 0, 0],
						"0.2": {
							"pre": [0, -2.5, -2.5],
							"post": [0, -2.5, -2.5],
							"lerp_mode": "catmullrom"
						},
						"0.4667": {
							"post": [0, -12.66, 3.62],
							"lerp_mode": "catmullrom"
						},
						"0.7667": {
							"post": [0, -10, 12.5],
							"lerp_mode": "catmullrom"
						},
						"1.1": {
							"post": [0, 2.5, 2.06],
							"lerp_mode": "catmullrom"
						},
						"1.3333": {
							"post": [0, 28.5, 37],
							"lerp_mode": "catmullrom"
						},
						"1.5333": {
							"post": [8, 30.77, 51.16],
							"lerp_mode": "catmullrom"
						},
						"1.7": {
							"post": [5, 26.5, 53.5],
							"lerp_mode": "catmullrom"
						},
						"1.8333": {
							"post": [-4, 18.5, 40.5],
							"lerp_mode": "catmullrom"
						},
						"1.9667": {
							"post": [-18.5, 11, 20],
							"lerp_mode": "catmullrom"
						},
						"2.1333": {
							"post": [-26, 11, -14.5],
							"lerp_mode": "catmullrom"
						},
						"2.3333": {
							"post": [-26, 11, -18.9],
							"lerp_mode": "catmullrom"
						}
					},
					"position": [0, 1, -0.25]
				},
				"bone16": {
					"rotation": {
						"0.0": [0, 0, 0],
						"0.2": {
							"pre": [-10, 0, 0],
							"post": [-10, 0, 0],
							"lerp_mode": "catmullrom"
						},
						"0.5667": {
							"post": [22.5, 12.5, 0],
							"lerp_mode": "catmullrom"
						},
						"1.1333": {
							"post": [5, 12.5, 0],
							"lerp_mode": "catmullrom"
						},
						"1.6667": {
							"post": [5, -33.5, 0],
							"lerp_mode": "catmullrom"
						},
						"1.7333": {
							"post": [5, 9.5, 0],
							"lerp_mode": "catmullrom"
						},
						"1.8667": {
							"post": [5, -14.5, 0],
							"lerp_mode": "catmullrom"
						}
					}
				},
				"bone18": {
					"rotation": {
						"0.0": [0, 0, 0],
						"0.2": {
							"pre": [-6.5, 0, 0],
							"post": [-6.5, 0, 0],
							"lerp_mode": "catmullrom"
						},
						"0.3": {
							"post": [36, 0, 0],
							"lerp_mode": "catmullrom"
						},
						"1.0": {
							"post": [-13, 0, 0],
							"lerp_mode": "catmullrom"
						},
						"1.2333": {
							"post": [-30.5, 17, 0],
							"lerp_mode": "catmullrom"
						},
						"1.3667": {
							"post": [4.5, 32, 0],
							"lerp_mode": "catmullrom"
						},
						"1.6": {
							"post": [7.02, 30.61, 0],
							"lerp_mode": "catmullrom"
						},
						"1.7": {
							"post": [4.5, -8.5, 0],
							"lerp_mode": "catmullrom"
						},
						"1.8333": {
							"post": [4.5, -0.5, 0],
							"lerp_mode": "catmullrom"
						}
					}
				},
				"bone17": {
					"rotation": {
						"0.0": [0, 0, 0],
						"0.2": {
							"pre": [54.8, 0, 0],
							"post": [54.8, 0, 0],
							"lerp_mode": "catmullrom"
						},
						"0.4667": {
							"post": [-36.5, 0, 0],
							"lerp_mode": "catmullrom"
						},
						"0.7667": {
							"post": [13.5, 0, 0],
							"lerp_mode": "catmullrom"
						},
						"1.1667": {
							"post": [36, 0, 0],
							"lerp_mode": "catmullrom"
						},
						"1.5": {
							"post": [6, 22.5, 0],
							"lerp_mode": "catmullrom"
						},
						"1.6333": {
							"post": [-24, 17.5, 0],
							"lerp_mode": "catmullrom"
						},
						"1.7333": {
							"post": [23.5, 17.5, 0],
							"lerp_mode": "catmullrom"
						},
						"1.8667": {
							"post": [23.5, 17.5, 0],
							"lerp_mode": "catmullrom"
						}
					}
				},
				"ribbonLCrutch": {
					"rotation": {
						"0.0": [-38.75079, -23.81394, 62.08988],
						"0.2": {
							"pre": [-46.03188, -9.81882, 51.07756],
							"post": [-46.03188, -9.81882, 51.07756],
							"lerp_mode": "catmullrom"
						},
						"0.5667": {
							"post": [-45.23832, -2.81732, 43.88928],
							"lerp_mode": "catmullrom"
						}
					},
					"position": {
						"0.0": [0, 1, -0.25],
						"0.2": {
							"pre": [-0.35, 1, -0.25],
							"post": [-0.35, 1, -0.25],
							"lerp_mode": "catmullrom"
						},
						"0.5667": {
							"post": [-0.22002, 1.05844, -0.10747],
							"lerp_mode": "catmullrom"
						}
					}
				},
				"ribbonRCrutch": {
					"rotation": {
						"0.0": [-38.75079, 23.81394, -62.08988],
						"0.2667": {
							"pre": [-50.03188, 8.81882, -48.07756],
							"post": [-50.03188, 8.81882, -48.07756],
							"lerp_mode": "catmullrom"
						},
						"0.7": {
							"post": [-49.23832, 1.81732, -32.88928],
							"lerp_mode": "catmullrom"
						},
						"1.3333": {
							"post": [-51.04329, -4.44173, -32.64104],
							"lerp_mode": "catmullrom"
						},
						"1.6667": {
							"post": [-49.24, 1.82, -37.69],
							"lerp_mode": "catmullrom"
						},
						"2.0": {
							"post": [-53.79446, 8.75731, -12.05359],
							"lerp_mode": "catmullrom"
						}
					},
					"position": {
						"0.0": [0.75, 0.4, -0.65],
						"1.1667": [0.75, 0.4, -0.65],
						"1.3333": [0.34748, -0.36834, -1.14763],
						"1.6": {
							"pre": [0.35, -0.57, -1.15],
							"post": [0.35, -0.57, -1.15],
							"lerp_mode": "catmullrom"
						},
						"1.8667": {
							"post": [0.59348, -0.4369, -0.83437],
							"lerp_mode": "catmullrom"
						},
						"2.2": {
							"post": [0.87868, 0.06855, -0.8012],
							"lerp_mode": "catmullrom"
						}
					}
				},
				"eyeRH": {
					"position": {
						"0.0": [0, 0, 0],
						"0.0667": [0.1, 0, -0.1],
						"0.1667": [0.1, 0, -0.1],
						"0.2": [0, 0, 0],
						"0.7": [0, 0, 0],
						"0.7333": [0, 0, 0],
						"0.8": [0.1, 0, -0.1],
						"1.2333": [0.1, 0, -0.1],
						"1.2667": [0, 0, 0]
					}
				},
				"eyeLH": {
					"position": {
						"0.0": [0.05, 0, 0],
						"0.0667": [-0.05, 0, -0.1],
						"0.1667": [-0.05, 0, -0.1],
						"0.2": [0.05, 0, 0],
						"0.7": [0.05, 0, 0],
						"0.7333": [0.05, 0, 0],
						"0.8": [-0.05, 0, -0.1],
						"1.2333": [-0.05, 0, -0.1],
						"1.2667": [0.05, 0, 0]
					}
				},
				"eyeL": {
					"position": {
						"1.2": [0, 0, 0],
						"1.2333": [0.1, 0, -0.09]
					}
				},
				"eyeR": {
					"position": {
						"1.2": [0, 0, 0],
						"1.2333": [0.1, 0, -0.1],
						"1.2667": [-0.05, 0, -0.09]
					}
				},
				"mouthOpen": {
					"position": {
						"0.0": [0, -0.17047, 0.09246],
						"0.2": [0, -0.17047, 0.09246],
						"0.2667": [0, -0.17, -0.11],
						"0.5667": [0, -0.17047, -0.10754],
						"0.7333": [0, -0.17047, -0.10754],
						"1.9": [0, -0.17047, -0.10754]
					},
					"scale": {
						"0.0": [1, 1, 1],
						"0.5": [1, 1, 1],
						"0.8333": [1, 0.6, 1],
						"1.2667": [0.87, 0.36, 1]
					}
				},
				"torso": {
					"rotation": {
						"0.0": [0, 0, 0],
						"0.0333": [-0.12675, 0, 0],
						"0.0667": [-0.51766, 0, 0],
						"0.1": [-1.16424, 0, 0],
						"0.1333": [-2.02644, 0, 0],
						"0.1667": [-3.04651, 0, 0],
						"0.3333": [-8.925, 0, 0],
						"0.3667": [-9.72297, 0, 0],
						"0.4": [-10.22506, 0, 0],
						"0.6667": [-11.81156, 0, 0],
						"0.8333": [-11.61882, 0, 0],
						"0.9": [-11.14255, 0, 0],
						"0.9333": [-10.68721, 0, 0],
						"0.9667": [-9.65, 0, 0],
						"1.0": [-8.71524, 0.04559, 0],
						"1.0333": [-7.57495, 0.15782, 0],
						"1.0667": [-6.16044, 0.31474, 0],
						"1.1": [-4.3791, 0.50418, 0],
						"1.1333": [-2.13926, 0.71853, 0],
						"1.2": [3.25582, 1.20188, 0],
						"1.2333": [5.64609, 1.46315, 0],
						"1.2667": [7.57045, 1.73197, 0],
						"1.3": [9.1, 2, 0],
						"1.3333": [10.86055, 2.27958, 0.14175],
						"1.3667": [11.54671, 2.56652, 0.65471],
						"1.4": [11.39237, 2.80554, 1.62261],
						"1.4333": [10.77444, 2.958, 2.76243],
						"1.4667": [10.05384, 3.01838, 3.58331],
						"1.5": [9.475, 3, 4],
						"1.5333": [9.16081, 2.82202, 4.02285],
						"1.5667": [9.08444, 2.4278, 3.64693],
						"1.6": [9.17333, 1.88655, 2.98191],
						"1.6667": [9.58383, 0.70215, 1.33875],
						"1.7": [9.79281, 0.22463, 0.63805],
						"1.7333": [9.94327, -0.08953, 0.16763],
						"1.7667": {
							"pre": [10, -0.2, 0],
							"post": [10, -0.2, 0],
							"lerp_mode": "catmullrom"
						},
						"1.9333": [8, 0, 0]
					},
					"position": [0, 0, 0]
				},
				"torsoLower": {
					"rotation": {
						"0.0": [0, 0, 0],
						"0.0333": [-0.2279, 0, 0.28172],
						"0.0667": [-1.02284, 0, 1.32376],
						"0.1": [-2.4981, 0, 3.25],
						"0.1333": [-4.3763, 0, 5.17624],
						"0.1667": [-5.93654, 0, 6.21828],
						"0.2": [-6.82, 0, 6.5],
						"0.2333": [-7.25311, 0, 6.47574],
						"0.2667": [-7.52079, 0, 6.40879],
						"0.4": [-7.70034, 0, 5.77495],
						"0.4667": [-7.31949, 0, 5.21501],
						"0.5": [-6.95956, 0, 4.84911],
						"0.5333": [-6.4, 0, 4.4],
						"0.6333": [-4.36914, 0, 2.64525],
						"0.6667": [-3.53094, 0, 1.97252],
						"0.7": [-2.51041, 0, 1.2907],
						"0.7333": [-1.3058, 0, 0.62679],
						"0.7667": [0.06, 0, 0],
						"0.8667": [4.12756, 0, -1.55642],
						"0.9": [5.31147, 0, -1.99265],
						"0.9333": [6.36221, 0, -2.39866],
						"0.9667": [7.23958, 0, -2.7778],
						"1.0": [7.88625, 0, -3.13215],
						"1.0333": [8.21257, 0, -3.46282],
						"1.0667": [8.06, 0, -3.77],
						"1.1": [7.29169, 0, -4.09486],
						"1.1333": [5.89221, 0, -4.50533],
						"1.1667": [3.823, 0, -4.75732],
						"1.2": [1.13593, 0, -4.86258],
						"1.2333": [-2.01122, 0, -4.9366],
						"1.2667": [-5.4, 0, -5],
						"1.3": [-9.78721, 0, -5.01846],
						"1.3333": [-15.78722, 0, -4.89865],
						"1.3667": [-20.18302, 0, -4.32312],
						"1.4": [-22.04521, 0, -2.76483],
						"1.4333": {
							"pre": [-22.5, 0, -2.6],
							"post": [-22.5, 0, -2.6],
							"lerp_mode": "catmullrom"
						},
						"1.6667": {
							"post": [-11.5, 0, 0],
							"lerp_mode": "catmullrom"
						},
						"1.8667": {
							"post": [-13.5, 0, 0],
							"lerp_mode": "catmullrom"
						}
					}
				},
				"ribbonL": {
					"rotation": {
						"0.0": [0, 0, 0],
						"0.2": {
							"pre": [0, 2.5, 2.5],
							"post": [0, 2.5, 2.5],
							"lerp_mode": "catmullrom"
						},
						"0.5": {
							"post": [0, 2.66, 8.38],
							"lerp_mode": "catmullrom"
						},
						"0.8": {
							"post": [0, 2.5, -2.5],
							"lerp_mode": "catmullrom"
						},
						"1.1": {
							"post": [0, 2.5, -9.06],
							"lerp_mode": "catmullrom"
						},
						"1.3": {
							"post": [0, 2.5, -26],
							"lerp_mode": "catmullrom"
						},
						"1.6": {
							"post": [0, 2.5, -35.5],
							"lerp_mode": "catmullrom"
						},
						"1.7667": {
							"post": [0, 2.5, -17.5],
							"lerp_mode": "catmullrom"
						},
						"2.0": {
							"post": [0, -5, 23],
							"lerp_mode": "catmullrom"
						},
						"2.1667": {
							"post": [0, -5, 33.5],
							"lerp_mode": "catmullrom"
						}
					},
					"position": {
						"0.0": [0, 0, 0],
						"1.9": [0, 0, 0],
						"2.1667": [0.21309, 0.43779, 0.10087]
					}
				},
				"ribbonL1": {
					"rotation": {
						"0.0": [0, 0, 0],
						"0.2": {
							"pre": [0, 0, 7.5],
							"post": [0, 0, 7.5],
							"lerp_mode": "catmullrom"
						},
						"0.5": {
							"post": [0, 0, 15],
							"lerp_mode": "catmullrom"
						},
						"0.8667": {
							"post": [0, 0, 10],
							"lerp_mode": "catmullrom"
						},
						"1.1333": {
							"post": [0, 0, 7.5],
							"lerp_mode": "catmullrom"
						},
						"1.4333": {
							"post": [0, 0, 12],
							"lerp_mode": "catmullrom"
						},
						"1.8333": {
							"post": [0, 0, -32],
							"lerp_mode": "catmullrom"
						},
						"2.0667": {
							"post": [0, 0, -3.06],
							"lerp_mode": "catmullrom"
						},
						"2.1667": {
							"post": [0, 0, 5],
							"lerp_mode": "catmullrom"
						}
					}
				},
				"ribbonL2": {
					"rotation": {
						"0.0": [0, 0, 0],
						"0.2": {
							"pre": [0, 0, -10],
							"post": [0, 0, -10],
							"lerp_mode": "catmullrom"
						},
						"0.5": {
							"post": [0, 0, 7.5],
							"lerp_mode": "catmullrom"
						},
						"0.8667": {
							"post": [0, 0, 17.5],
							"lerp_mode": "catmullrom"
						},
						"1.1333": {
							"post": [0, 0, 10],
							"lerp_mode": "catmullrom"
						},
						"1.3667": {
							"post": [0, 0, 15],
							"lerp_mode": "catmullrom"
						},
						"1.6": {
							"post": [0, 0, -21.5],
							"lerp_mode": "catmullrom"
						},
						"1.8667": {
							"post": [0, 0, -27.5],
							"lerp_mode": "catmullrom"
						},
						"2.1667": {
							"post": [0, 0, -22.5],
							"lerp_mode": "catmullrom"
						},
						"2.3667": {
							"post": [0, 0, -21.5],
							"lerp_mode": "catmullrom"
						}
					}
				},
				"ribbonL3": {
					"rotation": {
						"0.0": [0, 0, 0],
						"0.2": {
							"pre": [0, 0, -7.5],
							"post": [0, 0, -7.5],
							"lerp_mode": "catmullrom"
						},
						"0.5": {
							"post": [0, 0, -15],
							"lerp_mode": "catmullrom"
						},
						"0.7333": {
							"post": [0, 0, 15],
							"lerp_mode": "catmullrom"
						},
						"1.1333": {
							"post": [0, 0, 15],
							"lerp_mode": "catmullrom"
						},
						"1.5": {
							"post": [0, 0, 22.5],
							"lerp_mode": "catmullrom"
						},
						"1.8667": {
							"post": [0, 0, -24],
							"lerp_mode": "catmullrom"
						},
						"2.0667": {
							"post": [0, 0, -12],
							"lerp_mode": "catmullrom"
						},
						"2.2": {
							"post": [0, 0, 11],
							"lerp_mode": "catmullrom"
						},
						"2.4667": {
							"post": [0, 0, 12],
							"lerp_mode": "catmullrom"
						}
					}
				},
				"ribbonL4": {
					"rotation": {
						"0.0": [0, 0, 0],
						"0.2": {
							"pre": [0, 0, -7.5],
							"post": [0, 0, -7.5],
							"lerp_mode": "catmullrom"
						},
						"0.6": {
							"post": [0, 0, -15],
							"lerp_mode": "catmullrom"
						},
						"0.8333": {
							"post": [0, 0, 25],
							"lerp_mode": "catmullrom"
						},
						"1.1333": {
							"post": [0, 0, 25],
							"lerp_mode": "catmullrom"
						},
						"1.4333": {
							"post": [0, 0, 30],
							"lerp_mode": "catmullrom"
						},
						"1.8333": {
							"post": [0, 0, -33],
							"lerp_mode": "catmullrom"
						},
						"2.1": {
							"post": [0, 0, -16],
							"lerp_mode": "catmullrom"
						},
						"2.3": {
							"post": [0, 0, 18],
							"lerp_mode": "catmullrom"
						}
					}
				},
				"ribbonL5": {
					"rotation": {
						"0.0": [0, 0, 0],
						"0.2": [0, 0, -7.5],
						"0.4667": {
							"pre": [0, 0, -42],
							"post": [0, 0, -42],
							"lerp_mode": "catmullrom"
						},
						"0.8667": {
							"post": [0, 0, 17.5],
							"lerp_mode": "catmullrom"
						},
						"1.1333": {
							"post": [0, 0, 17.5],
							"lerp_mode": "catmullrom"
						},
						"1.4": {
							"post": [0, 0, 30],
							"lerp_mode": "catmullrom"
						},
						"1.8333": {
							"post": [0, 0, -41],
							"lerp_mode": "catmullrom"
						},
						"2.1333": {
							"post": [0, 0, -33.73],
							"lerp_mode": "catmullrom"
						},
						"2.4": {
							"post": [0, 0, 26.5],
							"lerp_mode": "catmullrom"
						},
						"2.5333": {
							"post": [0, 0, 29.5],
							"lerp_mode": "catmullrom"
						}
					}
				},
				"ribbonR1": {
					"rotation": {
						"0.0": [0, 0, 0],
						"0.2333": {
							"pre": [0, 2.5, -0.5],
							"post": [0, 2.5, -0.5],
							"lerp_mode": "catmullrom"
						},
						"0.5": {
							"post": [0, 2.66, -10.62],
							"lerp_mode": "catmullrom"
						},
						"0.8333": {
							"post": [0, 2.5, -12.5],
							"lerp_mode": "catmullrom"
						},
						"1.0667": {
							"post": [0, 2.5, -13.06],
							"lerp_mode": "catmullrom"
						},
						"1.3667": {
							"post": [0, 2.5, -16],
							"lerp_mode": "catmullrom"
						},
						"1.5333": {
							"post": [0, 2.5, 0.5],
							"lerp_mode": "catmullrom"
						},
						"1.6667": {
							"post": [0, 2.5, 14.5],
							"lerp_mode": "catmullrom"
						},
						"1.9": {
							"post": [0, -5, 31],
							"lerp_mode": "catmullrom"
						},
						"2.0667": {
							"post": [0, -5, 20.5],
							"lerp_mode": "catmullrom"
						}
					}
				},
				"ribbonR2": {
					"rotation": {
						"0.0": [0, 0, 0],
						"0.2": {
							"pre": [0, 2.5, 2.5],
							"post": [0, 2.5, 2.5],
							"lerp_mode": "catmullrom"
						},
						"0.5": {
							"post": [0, 2.66, 8.38],
							"lerp_mode": "catmullrom"
						},
						"0.8": {
							"post": [0, 2.5, -11.5],
							"lerp_mode": "catmullrom"
						},
						"1.0667": {
							"post": [0, 2.5, -22.06],
							"lerp_mode": "catmullrom"
						},
						"1.3": {
							"post": [0, 2.5, -23],
							"lerp_mode": "catmullrom"
						},
						"1.5": {
							"post": [0, 2.5, -18.5],
							"lerp_mode": "catmullrom"
						},
						"1.6333": {
							"post": [0, 2.5, -4.5],
							"lerp_mode": "catmullrom"
						},
						"1.8667": {
							"post": [0, -5, 18],
							"lerp_mode": "catmullrom"
						},
						"2.1": [0, -5, 18.5],
						"2.3": [-2.5, -5, 18.5]
					}
				},
				"ribbonR3": {
					"rotation": {
						"0.0": [0, 0, 0],
						"0.2": {
							"pre": [0, 0, 7.5],
							"post": [0, 0, 7.5],
							"lerp_mode": "catmullrom"
						},
						"0.5": {
							"post": [0, 0, 15],
							"lerp_mode": "catmullrom"
						},
						"0.7333": {
							"post": [0, 0, -10],
							"lerp_mode": "catmullrom"
						},
						"1.1333": {
							"post": [0, 0, -25],
							"lerp_mode": "catmullrom"
						},
						"1.5": {
							"post": [0, 0, -14.5],
							"lerp_mode": "catmullrom"
						},
						"1.8667": {
							"post": [0, 0, 24],
							"lerp_mode": "catmullrom"
						},
						"2.1": {
							"post": [0, 0, 21],
							"lerp_mode": "catmullrom"
						},
						"2.2667": {
							"post": [0, 0, 3],
							"lerp_mode": "catmullrom"
						},
						"2.4333": {
							"post": [0, 0, 3.1],
							"lerp_mode": "catmullrom"
						}
					}
				},
				"ribbonR4": {
					"rotation": {
						"0.0": [0, 0, 0],
						"0.2": {
							"pre": [0, 0, 7.5],
							"post": [0, 0, 7.5],
							"lerp_mode": "catmullrom"
						},
						"0.6": {
							"post": [0, 0, 15],
							"lerp_mode": "catmullrom"
						},
						"0.8333": {
							"post": [0, 0, -15],
							"lerp_mode": "catmullrom"
						},
						"1.1": {
							"post": [0, 0, -28],
							"lerp_mode": "catmullrom"
						},
						"1.4333": {
							"post": [0, 0, -20],
							"lerp_mode": "catmullrom"
						},
						"1.8333": {
							"post": [0, 0, 34],
							"lerp_mode": "catmullrom"
						},
						"2.1": {
							"post": [0, 0, 21.9],
							"lerp_mode": "catmullrom"
						},
						"2.2333": {
							"post": [-2.5, 0, 0.5],
							"lerp_mode": "catmullrom"
						}
					}
				},
				"ribbonR5": {
					"rotation": {
						"0.0": [0, 0, 0],
						"0.2": [0, 0, 7.5],
						"0.5": {
							"pre": [0, 0, 34],
							"post": [0, 0, 34],
							"lerp_mode": "catmullrom"
						},
						"0.8667": {
							"post": [0, 0, -17.5],
							"lerp_mode": "catmullrom"
						},
						"1.1333": {
							"post": [0, 0, -17.5],
							"lerp_mode": "catmullrom"
						},
						"1.4": {
							"post": [0, 0, -30],
							"lerp_mode": "catmullrom"
						},
						"1.7333": {
							"post": [0, 0, 41],
							"lerp_mode": "catmullrom"
						},
						"2.2": {
							"post": [0, 0, 44.73],
							"lerp_mode": "catmullrom"
						},
						"2.3667": {
							"post": [0, 0, 4.5],
							"lerp_mode": "catmullrom"
						},
						"2.4667": [0, 0, 3.5]
					}
				}
			}
		},
		"animation.diancie_mega.cry": {
	
			"animation_length": 3,
			"bones": {
				"body": {
					"rotation": {
						"0.0": [0, 0, 0],
						"0.4": {
							"pre": [1.4, 0, 0],
							"post": [1.4, 0, 0],
							"lerp_mode": "catmullrom"
						},
						"1.1667": {
							"post": [-3.5, 0, 0],
							"lerp_mode": "catmullrom"
						},
						"2.1": [0, 0, 0]
					},
					"position": {
						"0.0": [0, 0, 0],
						"0.3667": {
							"pre": [0, -0.5, 0],
							"post": [0, -0.5, 0],
							"lerp_mode": "catmullrom"
						},
						"0.6333": {
							"post": [0, 0.75, 0],
							"lerp_mode": "catmullrom"
						},
						"1.0": {
							"post": [0, 1.725, 0],
							"lerp_mode": "catmullrom"
						},
						"1.3667": {
							"post": [0, 1.825, 0],
							"lerp_mode": "catmullrom"
						},
						"1.7667": {
							"post": [0, 0.6, 0],
							"lerp_mode": "catmullrom"
						},
						"2.2": {
							"post": [0, -0.05, 0],
							"lerp_mode": "catmullrom"
						},
						"2.8": {
							"post": [0, 0, 0],
							"lerp_mode": "catmullrom"
						}
					}
				},
				"head": {
					"rotation": {
						"0.0": [0, 0, 0],
						"0.1667": {
							"pre": [1.275, 0, 0],
							"post": [1.275, 0, 0],
							"lerp_mode": "catmullrom"
						},
						"0.3333": {
							"post": [7.09, 0, 0],
							"lerp_mode": "catmullrom"
						},
						"0.5667": {
							"post": [9.3, 0, 0],
							"lerp_mode": "catmullrom"
						},
						"0.9333": {
							"post": [-7.8, 0, 0],
							"lerp_mode": "catmullrom"
						},
						"1.3667": {
							"post": [-11.975, 0, 0],
							"lerp_mode": "catmullrom"
						},
						"1.9": {
							"post": [-0.045, 0, 0],
							"lerp_mode": "catmullrom"
						},
						"2.4": [0, 0, 0]
					}
				},
				"eyeL": {
					"position": {
						"0.0667": [0, 0, 0],
						"0.1333": [0, 0, 0],
						"0.1667": [0.1, 0, -0.1],
						"0.5333": [0.1, 0, -0.1],
						"0.5667": [0, 0, 0]
					}
				},
				"eyeR": {
					"position": {
						"0.0667": [0.05, 0, 0],
						"0.1333": [0.05, 0, 0],
						"0.1667": [-0.05, 0, -0.09],
						"0.5333": [-0.05, 0, -0.09],
						"0.5667": [0.05, 0, 0]
					}
				},
				"mouthOpen": {
					"position": {
						"0.0": [0, -0.17047, -0.00754],
						"0.2": [0, -0.17047, -0.00754],
						"0.2667": [0, -0.17, -0.11],
						"1.3333": [0, -0.17, -0.11],
						"1.4": [0, -0.17047, -0.00754]
					}
				},
				"bangL": {
					"rotation": {
						"0.0": [0, 0, 0],
						"0.3333": {
							"pre": [0, 7.45, 0],
							"post": [0, 7.45, 0],
							"lerp_mode": "catmullrom"
						},
						"0.6333": {
							"post": [0, 7.85, 0],
							"lerp_mode": "catmullrom"
						},
						"1.0": {
							"post": [0, -0.85, 0],
							"lerp_mode": "catmullrom"
						},
						"1.3333": {
							"post": [0, -1.85, 0],
							"lerp_mode": "catmullrom"
						},
						"1.7": {
							"post": [0, 3.15, 0],
							"lerp_mode": "catmullrom"
						},
						"1.9667": {
							"post": [0, 5.15, 0],
							"lerp_mode": "catmullrom"
						},
						"2.4333": [0, 0, 0]
					}
				},
				"bangR": {
					"rotation": {
						"0.0": [0, 0, 0],
						"0.3333": {
							"pre": [0, -7.45, 0],
							"post": [0, -7.45, 0],
							"lerp_mode": "catmullrom"
						},
						"0.6333": {
							"post": [0, -7.85, 0],
							"lerp_mode": "catmullrom"
						},
						"1.0": {
							"post": [0, 0.85, 0],
							"lerp_mode": "catmullrom"
						},
						"1.3333": {
							"post": [0, 1.85, 0],
							"lerp_mode": "catmullrom"
						},
						"1.7": {
							"post": [0, -3.15, 0],
							"lerp_mode": "catmullrom"
						},
						"1.9667": {
							"post": [0, -5.15, 0],
							"lerp_mode": "catmullrom"
						},
						"2.4333": [0, 0, 0]
					}
				},
				"armR": {
					"rotation": {
						"0.0": [0, 0, 0],
						"0.4": {
							"pre": [11.5, -12.9, 0],
							"post": [11.5, -12.9, 0],
							"lerp_mode": "catmullrom"
						},
						"0.8": {
							"post": [-29.5, 17.5, 28.8],
							"lerp_mode": "catmullrom"
						},
						"1.3667": {
							"post": [-29.5, 17.5, 28.8],
							"lerp_mode": "catmullrom"
						},
						"1.8667": {
							"post": [0, -0.1, 2.9],
							"lerp_mode": "catmullrom"
						},
						"2.4333": [0, 0, 0]
					}
				},
				"armL": {
					"rotation": {
						"0.0": [0, 0, 0],
						"0.4": {
							"pre": [11.5, 12.9, 0],
							"post": [11.5, 12.9, 0],
							"lerp_mode": "catmullrom"
						},
						"0.8": {
							"post": [-29.5, -17.5, -28.8],
							"lerp_mode": "catmullrom"
						},
						"1.3667": {
							"post": [-29.5, -17.5, -28.8],
							"lerp_mode": "catmullrom"
						},
						"1.8667": {
							"post": [0, 0.1, -2.9],
							"lerp_mode": "catmullrom"
						},
						"2.4333": [0, 0, 0]
					}
				}
			},
			"sound_effects": {
				"0.0667": {
					"effect": "pokemon.diancie.cry"
				}
			}
		},
		"animation.diancie_mega.blink": {
			"animation_length": 0.2,
			"bones": {
				"eyeL": {
					"position": {
						"0.0": [0.1, 0, -0.088],
						"0.1667": [0.1, 0, -0.088],
						"0.2": [0, 0, 0]
					}
				},
				"eyeR": {
					"position": {
						"0.0": [-0.05, 0, -0.088],
						"0.1667": [-0.05, 0, -0.088],
						"0.2": [0.05, 0, 0]
					}
				}
			}
		}
	}
}