{
	"format_version": "1.12.0",
	"minecraft:geometry": [
		{
			"description": {
				"identifier": "geometry.vibrava",
				"texture_width": 128,
				"texture_height": 128,
				"visible_bounds_width": 4,
				"visible_bounds_height": 3.5,
				"visible_bounds_offset": [0, 1.25, 0]
			},
			"bones": [
				{
					"name": "vibrava",
					"pivot": [0, 0, 0]
				},
				{
					"name": "body",
					"parent": "vibrava",
					"pivot": [0, 23.5, -1.5],
					"cubes": [
						{"origin": [-3, 21, -6], "size": [6, 5, 8], "uv": [33, 28]}
					]
				},
				{
					"name": "tail",
					"parent": "body",
					"pivot": [0, 23.5, 2],
					"cubes": [
						{"origin": [-2, 21.5, 0], "size": [4, 4, 8], "uv": [0, 36]}
					]
				},
				{
					"name": "tail2",
					"parent": "tail",
					"pivot": [0, 23.5, 8],
					"cubes": [
						{"origin": [-1.5, 22, 6], "size": [3, 3, 7], "uv": [41, 10]}
					]
				},
				{
					"name": "tail3",
					"parent": "tail2",
					"pivot": [0, 23.5, 13],
					"cubes": [
						{"origin": [-1, 22.5, 12], "size": [2, 2, 6], "uv": [24, 41]}
					]
				},
				{
					"name": "flap_right",
					"parent": "tail3",
					"pivot": [-1, 23.5, 17.5],
					"cubes": [
						{"origin": [-8, 23.5, 15], "size": [7, 0, 5], "uv": [36, 20]}
					]
				},
				{
					"name": "flap_left",
					"parent": "tail3",
					"pivot": [1, 23.5, 17.5],
					"cubes": [
						{"origin": [1, 23.5, 15], "size": [7, 0, 5], "uv": [36, 20], "mirror": true}
					]
				},
				{
					"name": "leg_left_front",
					"parent": "body",
					"pivot": [3, 23, -3.5],
					"cubes": [
						{"origin": [3, 23, -4], "size": [4, 0, 1], "uv": [47, 44]}
					]
				},
				{
					"name": "leg_left_front2",
					"parent": "leg_left_front",
					"pivot": [7, 23, -3.5],
					"cubes": [
						{"origin": [7, 23, -4], "size": [5, 0, 1], "uv": [47, 43]}
					]
				},
				{
					"name": "fingerLFO",
					"parent": "leg_left_front2",
					"pivot": [12, 23, -3.5],
					"cubes": [
						{"origin": [12, 23, -4], "size": [0, 1, 1], "uv": [2, 10]}
					]
				},
				{
					"name": "fingerLFO2",
					"parent": "fingerLFO",
					"pivot": [12, 24, -3.5],
					"cubes": [
						{"origin": [12, 24, -4], "size": [0, 1, 1], "uv": [4, 9]}
					]
				},
				{
					"name": "fingerLFI",
					"parent": "leg_left_front2",
					"pivot": [12, 23, -3.5],
					"cubes": [
						{"origin": [12, 22, -4], "size": [0, 1, 1], "uv": [6, 9]}
					]
				},
				{
					"name": "fingerLFI2",
					"parent": "fingerLFI",
					"pivot": [12, 22, -3.5],
					"cubes": [
						{"origin": [12, 21, -4], "size": [0, 1, 1], "uv": [0, 10]}
					]
				},
				{
					"name": "leg_right_front",
					"parent": "body",
					"pivot": [-3, 23, -3.5],
					"cubes": [
						{"origin": [-7, 23, -4], "size": [4, 0, 1], "uv": [15, 43]}
					]
				},
				{
					"name": "leg_right_front2",
					"parent": "leg_right_front",
					"pivot": [-7, 23, -3.5],
					"cubes": [
						{"origin": [-12, 23, -4], "size": [5, 0, 1], "uv": [47, 42]}
					]
				},
				{
					"name": "fingerRFO",
					"parent": "leg_right_front2",
					"pivot": [-12, 23, -3.5],
					"cubes": [
						{"origin": [-12, 23, -4], "size": [0, 1, 1], "uv": [0, 9]}
					]
				},
				{
					"name": "fingerRFO2",
					"parent": "fingerRFO",
					"pivot": [-12, 24, -3.5],
					"cubes": [
						{"origin": [-12, 24, -4], "size": [0, 1, 1], "uv": [2, 9]}
					]
				},
				{
					"name": "fingerRFI",
					"parent": "leg_right_front2",
					"pivot": [-12, 23, -3.5],
					"cubes": [
						{"origin": [-12, 22, -4], "size": [0, 1, 1], "uv": [4, 8]}
					]
				},
				{
					"name": "fingerRFI2",
					"parent": "fingerRFI",
					"pivot": [-12, 22, -3.5],
					"cubes": [
						{"origin": [-12, 21, -4], "size": [0, 1, 1], "uv": [6, 8]}
					]
				},
				{
					"name": "leg_right_back",
					"parent": "body",
					"pivot": [-3, 23, -0.5],
					"cubes": [
						{"origin": [-7, 23, -1], "size": [4, 0, 1], "uv": [40, 27]}
					]
				},
				{
					"name": "leg_right_back2",
					"parent": "leg_right_back",
					"pivot": [-7, 23, -0.5],
					"cubes": [
						{"origin": [-12, 23, -1], "size": [5, 0, 1], "uv": [40, 41]}
					]
				},
				{
					"name": "fingerRBO2",
					"parent": "leg_right_back2",
					"pivot": [-12, 23, -0.5],
					"cubes": [
						{"origin": [-12, 23, -1], "size": [0, 1, 1], "uv": [0, 8]}
					]
				},
				{
					"name": "fingerRBO",
					"parent": "fingerRBO2",
					"pivot": [-12, 24, -0.5],
					"cubes": [
						{"origin": [-12, 24, -1], "size": [0, 1, 1], "uv": [2, 8]}
					]
				},
				{
					"name": "fingerRBI",
					"parent": "leg_right_back2",
					"pivot": [-12, 23, -0.5],
					"cubes": [
						{"origin": [-12, 22, -1], "size": [0, 1, 1], "uv": [6, 2]}
					]
				},
				{
					"name": "fingerRBI2",
					"parent": "fingerRBI",
					"pivot": [-12, 22, -0.5],
					"cubes": [
						{"origin": [-12, 21, -1], "size": [0, 1, 1], "uv": [6, 3]}
					]
				},
				{
					"name": "leg_left_back",
					"parent": "body",
					"pivot": [3, 23, -0.5],
					"cubes": [
						{"origin": [3, 23, -1], "size": [4, 0, 1], "uv": [40, 25]}
					]
				},
				{
					"name": "leg_left_back2",
					"parent": "leg_left_back",
					"pivot": [7, 23, -0.5],
					"cubes": [
						{"origin": [7, 23, -1], "size": [5, 0, 1], "uv": [40, 26]}
					]
				},
				{
					"name": "fingerLBO",
					"parent": "leg_left_back2",
					"pivot": [12, 23, -0.5],
					"cubes": [
						{"origin": [12, 23, -1], "size": [0, 1, 1], "uv": [0, 3]}
					]
				},
				{
					"name": "fingerLBO2",
					"parent": "fingerLBO",
					"pivot": [12, 24, -0.5],
					"cubes": [
						{"origin": [12, 24, -1], "size": [0, 1, 1], "uv": [6, 0]}
					]
				},
				{
					"name": "fingerLBI",
					"parent": "leg_left_back2",
					"pivot": [12, 23, -0.5],
					"cubes": [
						{"origin": [12, 22, -1], "size": [0, 1, 1], "uv": [0, 0]}
					]
				},
				{
					"name": "fingerLBI2",
					"parent": "fingerLBI",
					"pivot": [12, 22, -0.5],
					"cubes": [
						{"origin": [12, 21, -1], "size": [0, 1, 1], "uv": [0, 2]}
					]
				},
				{
					"name": "wing_left",
					"parent": "body",
					"pivot": [2, 26, -3.5],
					"cubes": [
						{"origin": [1, 25.5, -4.5], "size": [2, 1, 2], "inflate": 0.001, "uv": [55, 23]}
					]
				},
				{
					"name": "wing_left_front",
					"parent": "wing_left",
					"pivot": [3, 26.1, -3.9],
					"cubes": [
						{"origin": [3, 26.1, -8.4], "size": [17, 0, 9], "uv": [-8, 52]}
					]
				},
				{
					"name": "wing_left_back",
					"parent": "wing_left",
					"pivot": [3, 26, -3],
					"cubes": [
						{"origin": [3, 26, -7.5], "size": [17, 0, 9], "uv": [-8, 52]}
					]
				},
				{
					"name": "wing_right",
					"parent": "body",
					"pivot": [-2, 26, -3.5],
					"cubes": [
						{"origin": [-3, 25.5, -4.5], "size": [2, 1, 2], "inflate": 0.001, "uv": [57, 45]}
					]
				},
				{
					"name": "wing_right_front",
					"parent": "wing_right",
					"pivot": [-3, 26.1, -3.9],
					"cubes": [
						{"origin": [-20, 26.1, -8.4], "size": [17, 0, 9], "uv": [-8, 52], "mirror": true}
					]
				},
				{
					"name": "wing_right_back",
					"parent": "wing_right",
					"pivot": [-3, 26, -3],
					"cubes": [
						{"origin": [-20, 26, -7.5], "size": [17, 0, 9], "uv": [-8, 52], "mirror": true}
					]
				},
				{
					"name": "head",
					"parent": "body",
					"pivot": [0, 23.5, -5],
					"cubes": [
						{"origin": [3.5, 25.5, -9.5], "size": [1, -4, 4], "uv": [74, 14]},
						{"origin": [3.505, 21.5, -9.5], "size": [0, 4, 4], "uv": [74, 14]},
						{"origin": [-3.505, 21.5, -9.5], "size": [0, 4, 4], "uv": [74, 14], "mirror": true},
						{"origin": [-4.5, 25.5, -9.5], "size": [1, -4, 4], "uv": [70, 36]},
						{"origin": [-3.5, 21, -10], "size": [7, 5, 5], "inflate": 0.001, "uv": [41, 0]}
					]
				},
				{
					"name": "horn_left",
					"parent": "head",
					"pivot": [1, 25.5, -9.5],
					"cubes": [
						{"origin": [0.5, 25, -14], "size": [1, 1, 5], "uv": [41, 42]}
					]
				},
				{
					"name": "horn_left2",
					"parent": "horn_left",
					"pivot": [1, 25, -14],
					"cubes": [
						{"origin": [1, 25, -19], "size": [0, 1, 5], "uv": [16, 37]}
					]
				},
				{
					"name": "horn_right",
					"parent": "head",
					"pivot": [-1, 25.5, -9.5],
					"cubes": [
						{"origin": [-1.5, 25, -14], "size": [1, 1, 5], "uv": [34, 41]}
					]
				},
				{
					"name": "horn_right2",
					"parent": "horn_right",
					"pivot": [-1, 25, -14],
					"cubes": [
						{"origin": [-1, 25, -19], "size": [0, 1, 5], "uv": [16, 36]}
					]
				},
				{
					"name": "eye_left",
					"parent": "head",
					"pivot": [0.5, 13, -6],
					"cubes": [
						{"origin": [3.52, 22, -8.5], "size": [0, 3, 2], "uv": [4, 4]}
					]
				},
				{
					"name": "eye_right",
					"parent": "head",
					"pivot": [-0.5, 13, -6],
					"cubes": [
						{"origin": [-3.52, 22, -8.5], "size": [0, 3, 2], "uv": [0, 4]}
					]
				}
			]
		}
	]
}