{"stats":{"minecraft:picked_up":{"minecraft:wheat":1,"minecraft:gray_carpet":2,"minecraft:beetroot_seeds":1,"minecraft:wheat_seeds":3,"pixelmon:poke_ball":1,"minecraft:melon_slice":54},"minecraft:mined":{"minecraft:melon":10,"minecraft:wheat":1},"minecraft:used":{"minecraft:water_bucket":1,"minecraft:bread":2,"minecraft:bucket":1},"minecraft:custom":{"minecraft:open_barrel":21,"minecraft:open_chest":9,"minecraft:time_since_rest":6883,"minecraft:play_one_minute":6883,"minecraft:crouch_one_cm":39,"minecraft:sprint_one_cm":27623,"minecraft:interact_with_loom":1,"minecraft:damage_taken":60,"minecraft:walk_one_cm":16399,"minecraft:sneak_time":16,"minecraft:jump":91,"minecraft:time_since_death":6883,"minecraft:walk_on_water_one_cm":558,"minecraft:climb_one_cm":479,"minecraft:interact_with_crafting_table":1,"minecraft:interact_with_cartography_table":1,"minecraft:fall_one_cm":4053,"minecraft:fly_one_cm":21831}},"DataVersion":2586}