{"stats":{"minecraft:mined":{"minecraft:crafting_table":2,"gravestone:gravestone":4,"minecraft:grass_block":2,"the_flesh_that_hates:flesh_small_grass":2,"the_flesh_that_hates:flesh_grass":3,"minecraft:birch_log":65,"minecraft:birch_leaves":7,"minecraft:grass":4,"minecraft:dirt":8,"the_flesh_that_hates:flesh_spike_grass":1,"minecraft:stone":39},"minecraft:used":{"minecraft:netherite_sword":164,"minecraft:wooden_pickaxe":39,"minecraft:golden_apple":5,"minecraft:crafting_table":2,"minecraft:wooden_axe":25,"minecraft:wooden_sword":22,"minecraft:diamond_sword":42,"minecraft:cooked_porkchop":3,"minecraft:furnace":1,"minecraft:cooked_beef":3,"minecraft:enchanted_golden_apple":18},"minecraft:crafted":{"minecraft:cooked_beef":3,"minecraft:wooden_sword":1,"minecraft:cooked_porkchop":3,"minecraft:crafting_table":1,"minecraft:wooden_pickaxe":1,"minecraft:furnace":1,"minecraft:birch_planks":176,"minecraft:air":0,"minecraft:stick":12,"minecraft:wooden_axe":1},"minecraft:killed_by":{"the_flesh_that_hates:plaquecreatureone":1,"minecraft:skeleton":2,"the_flesh_that_hates:flesh_villager":1,"midnightlurker:midnight_lurker_unprovoked":1,"the_flesh_that_hates:flesh_cow":1},"minecraft:dropped":{"minecraft:azure_bluet":2,"gravestone:obituary":7,"minecraft:dandelion":2},"minecraft:picked_up":{"minecraft:birch_log":65,"minecraft:netherite_boots":1,"minecraft:crafting_table":2,"minecraft:azure_bluet":2,"the_flesh_that_hates:flesh_heart":1,"minecraft:diamond_sword":1,"gravestone:obituary":3,"minecraft:shield":2,"minecraft:netherite_leggings":1,"minecraft:dirt":13,"the_flesh_that_hates:piece_of_flesh":16,"minecraft:bone":1,"minecraft:diamond_leggings":1,"the_flesh_that_hates:damned_flesh_eye":1,"minecraft:netherite_sword":1,"minecraft:enchanted_golden_apple":96,"minecraft:diamond_helmet":1,"the_flesh_that_hates:mutated_flesh":2,"minecraft:birch_sapling":1,"minecraft:dandelion":2,"the_flesh_that_hates:flesh_block":12,"minecraft:arrow":2,"minecraft:diamond_chestplate":1,"minecraft:netherite_helmet":1,"minecraft:diamond_boots":1,"minecraft:golden_apple":13,"minecraft:netherite_chestplate":1,"minecraft:mutton":6,"minecraft:white_wool":4,"minecraft:cobblestone":37},"minecraft:killed":{"the_flesh_that_hates:flesh_human":3,"the_flesh_that_hates:flesh_sheep":3,"the_flesh_that_hates:flesh_dog":1,"the_flesh_that_hates:plaqueincubatorstart":5,"minecraft:sheep":3,"the_flesh_that_hates:flesh_villager":3,"minecraft:skeleton":1,"the_flesh_that_hates:flesh_cow":5,"the_flesh_that_hates:plaquecontaminator":1,"the_flesh_that_hates:flesh_pig":5,"the_flesh_that_hates:plaquethreelegcreature":2,"the_flesh_that_hates:flesh_howler":1},"minecraft:custom":{"minecraft:interact_with_furnace":4,"minecraft:mob_kills":33,"minecraft:interact_with_crafting_table":3,"minecraft:leave_game":1,"minecraft:time_since_death":4808,"minecraft:damage_resisted":928,"minecraft:time_since_rest":4833,"minecraft:sprint_one_cm":106455,"minecraft:walk_one_cm":82263,"minecraft:damage_taken":3820,"minecraft:damage_absorbed":2125,"minecraft:drop":9,"minecraft:damage_dealt":10322,"minecraft:fly_one_cm":152872,"minecraft:crouch_one_cm":574,"minecraft:play_time":29335,"minecraft:deaths":6,"minecraft:sneak_time":116,"minecraft:jump":779,"minecraft:total_world_time":29335,"minecraft:fall_one_cm":42099}},"DataVersion":3465}