{"stats":{"minecraft:broken":{"minecraft:chainmail_leggings":1},"minecraft:killed":{"minecraft:sheep":20,"minecraft:pillager":2,"minecraft:zombie":8,"minecraft:pig":22,"minecraft:player":3,"minecraft:skeleton":2},"minecraft:picked_up":{"minecraft:book":39,"minecraft:stick":2,"minecraft:cooked_porkchop":20,"cobblemon:ultra_ball":10,"minecraft:creeper_head":3,"sophisticatedbackpacks:backpack":1,"minecraft:string":7,"minecraft:cooked_mutton":21,"minecraft:white_carpet":1,"minecraft:arrow":1,"minecraft:purple_bed":4,"minecraft:oak_sign":4,"minecraft:wheat_seeds":14,"minecraft:chainmail_leggings":1,"minecraft:hay_block":21,"minecraft:light_gray_wool":1,"minecraft:rose_bush":2,"tombstone:bag_of_seeds":1,"minecraft:spruce_sign":12,"minecraft:bread":39,"minecraft:iron_sword":1,"minecraft:white_wool":6},"minecraft:used":{"minecraft:apple":4,"minecraft:bread":8,"minecraft:iron_sword":209,"minecraft:creeper_head":2,"minecraft:cooked_porkchop":3,"tombstone:bag_of_seeds":1},"minecraft:custom":{"minecraft:time_since_rest":701,"minecraft:sprint_one_cm":124273,"minecraft:damage_taken":1362,"minecraft:walk_one_cm":71601,"minecraft:mob_kills":28,"minecraft:drop":18,"tombstone:raider_killed":1,"minecraft:damage_dealt":4416,"minecraft:interact_with_cartography_table":1,"minecraft:interact_with_crafting_table":9,"minecraft:player_kills":3,"minecraft:fly_one_cm":94207,"minecraft:open_chest":26,"minecraft:crouch_one_cm":42,"minecraft:play_time":27056,"tombstone:undead_killed":5,"minecraft:deaths":3,"minecraft:sneak_time":40,"minecraft:jump":420,"minecraft:interact_with_stonecutter":1,"minecraft:time_since_death":821,"minecraft:walk_on_water_one_cm":757,"minecraft:sleep_in_bed":4,"minecraft:total_world_time":27056,"minecraft:climb_one_cm":2627,"minecraft:fall_one_cm":7562},"minecraft:killed_by":{"minecraft:player":1,"minecraft:witch":1},"minecraft:dropped":{"minecraft:spruce_sign":8,"minecraft:bread":1,"minecraft:iron_sword":1,"minecraft:wheat_seeds":13,"minecraft:purple_bed":1,"minecraft:rose_bush":2,"minecraft:white_carpet":1,"minecraft:bow":1,"minecraft:string":7,"minecraft:oak_sign":4,"minecraft:carrot":2,"minecraft:stick":2},"minecraft:mined":{"minecraft:hay_block":23,"minecraft:purple_bed":2,"minecraft:spruce_planks":2,"minecraft:creeper_head":1,"minecraft:grass":20,"minecraft:bookshelf":13,"minecraft:white_stained_glass_pane":2,"minecraft:rose_bush":1,"minecraft:creeper_wall_head":2,"minecraft:tall_grass":46,"minecraft:oak_leaves":1,"minecraft:tripwire":2}},"DataVersion":3465}