{"stats":{"minecraft:picked_up":{"minecraft:wheat":1,"minecraft:gray_carpet":2,"minecraft:beetroot_seeds":1,"minecraft:wheat_seeds":3,"pixelmon:poke_ball":1,"minecraft:melon_slice":54},"minecraft:dropped":{"minecraft:wheat":1},"minecraft:mined":{"minecraft:melon":10,"minecraft:wheat":1},"minecraft:used":{"minecraft:water_bucket":1,"minecraft:bread":2,"minecraft:bucket":1},"minecraft:custom":{"minecraft:open_barrel":24,"minecraft:open_chest":16,"minecraft:time_since_rest":9865,"minecraft:interact_with_smithing_table":1,"minecraft:crouch_one_cm":39,"minecraft:play_one_minute":9865,"minecraft:sprint_one_cm":40795,"minecraft:interact_with_loom":1,"minecraft:damage_taken":60,"minecraft:walk_one_cm":22736,"minecraft:sneak_time":16,"minecraft:drop":1,"minecraft:jump":122,"minecraft:walk_on_water_one_cm":558,"minecraft:time_since_death":9865,"minecraft:climb_one_cm":1183,"minecraft:interact_with_crafting_table":1,"minecraft:interact_with_cartography_table":1,"minecraft:fall_one_cm":5156,"minecraft:fly_one_cm":29771}},"DataVersion":2586}