{"stats":{"minecraft:broken":{"minecraft:stone_axe":1,"minecraft:stone_shovel":1},"minecraft:crafted":{"minecraft:oak_planks":420,"minecraft:stone_shovel":2,"cobblemon:apricorn_planks":56,"minecraft:furnace":2,"minecraft:cooked_mutton":10,"minecraft:flint_and_steel":1,"minecraft:oak_trapdoor":18,"minecraft:ladder":6,"minecraft:stone_pickaxe":1,"minecraft:chest":12,"minecraft:wheat":108,"minecraft:cooked_beef":10,"minecraft:oak_slab":66,"minecraft:item_frame":8,"minecraft:cooked_porkchop":12,"minecraft:crafting_table":1,"minecraft:spruce_planks":12,"minecraft:enchanting_table":1,"minecraft:wooden_pickaxe":1,"minecraft:copper_ingot":39,"minecraft:stone_axe":2,"minecraft:bread":18,"minecraft:air":0,"minecraft:shield":1,"minecraft:stick":44,"minecraft:iron_ingot":20,"minecraft:oak_stairs":32,"minecraft:torch":12,"cobblemon:ultra_ball":4},"minecraft:picked_up":{"minecraft:crafting_table":7,"minecraft:wheat":9,"minecraft:allium":2,"minecraft:chainmail_boots":1,"minecraft:chicken":14,"cobblemon:yellow_apricorn":49,"cobblemon:red_apricorn":47,"minecraft:oak_stairs":64,"minecraft:shield":1,"minecraft:brewing_stand":4,"cobblemon:wepear_berry":7,"minecraft:string":7,"minecraft:iron_axe":1,"minecraft:raw_copper":124,"minecraft:oak_hanging_sign":1,"cobblemon:white_apricorn":10,"cobblemon:link_cable":1,"minecraft:cartography_table":1,"cobblemon:green_apricorn":8,"minecraft:beef":23,"cobblemon:oran_berry":12,"minecraft:iron_pickaxe":1,"minecraft:lectern":1,"minecraft:sugar_cane":5,"minecraft:chest":9,"minecraft:furnace":9,"minecraft:egg":6,"minecraft:golden_helmet":1,"minecraft:stick":1,"minecraft:raw_iron":57,"cobblemon:apricorn_log":14,"minecraft:oak_door":1,"minecraft:copper_ingot":85,"minecraft:oak_fence":3,"minecraft:torch":60,"sophisticatedbackpacks:backpack":1,"minecraft:porkchop":23,"minecraft:carrot":19,"minecraft:arrow":6,"minecraft:rotten_flesh":31,"minecraft:hay_block":17,"minecraft:mutton":27,"cobblemon:blue_apricorn":6,"minecraft:white_wool":17,"minecraft:cobblestone":183,"cobblemon:great_ball":28,"minecraft:feather":17,"cobblemon:ultra_ball":24,"minecraft:water_bucket":1,"minecraft:brown_wool":1,"minecraft:leather":9,"minecraft:potato":13,"cobblemon:razz_berry":47,"minecraft:oak_log":34,"minecraft:chainmail_chestplate":1,"minecraft:yellow_bed":13,"minecraft:lapis_lazuli":29,"minecraft:dirt":672,"minecraft:leather_boots":1,"minecraft:bone":5,"minecraft:apple":3,"minecraft:stonecutter":2,"minecraft:wheat_seeds":66,"cobblemon:black_apricorn":59,"minecraft:bell":4,"minecraft:iron_ingot":37,"minecraft:grindstone":1,"minecraft:stone_pickaxe":1,"minecraft:iron_sword":1,"minecraft:oak_planks":18,"cobblemon:apricorn_planks":2,"minecraft:book":12,"cobblemon:sun_stone":1,"minecraft:oak_slab":26,"cobblemon:black_apricorn_seed":4,"minecraft:dandelion":4,"minecraft:oak_pressure_plate":1,"cobblemon:cheri_berry":5,"minecraft:blast_furnace":1,"cobblemon:pink_apricorn":3,"minecraft:grass_block":1,"minecraft:white_bed":11,"minecraft:spruce_log":3,"cobblemon:leppa_berry":1,"minecraft:spider_eye":1,"minecraft:iron_hoe":1,"minecraft:chainmail_leggings":1,"minecraft:miner_pottery_sherd":1,"minecraft:chainmail_helmet":1,"minecraft:bread":81,"minecraft:oak_sapling":2,"minecraft:black_wool":2,"minecraft:coal":143,"minecraft:diamond_pickaxe":1,"minecraft:ender_pearl":1},"minecraft:used":{"minecraft:oak_fence":16,"minecraft:oak_trapdoor":8,"minecraft:enchanting_table":1,"minecraft:flint_and_steel":1,"minecraft:stone_shovel":255,"minecraft:ladder":6,"minecraft:chest":37,"minecraft:shield":20,"minecraft:stone":19,"minecraft:iron_sword":91,"minecraft:bell":2,"minecraft:rotten_flesh":8,"minecraft:oak_door":3,"minecraft:torch":96,"minecraft:brewing_stand":10,"minecraft:dirt":245,"minecraft:chainmail_chestplate":1,"minecraft:carrot":6,"minecraft:obsidian":10,"minecraft:iron_hoe":57,"minecraft:bookshelf":6,"minecraft:iron_axe":92,"minecraft:grass_block":75,"minecraft:oak_stairs":181,"cobblemon:apricorn_planks":2,"minecraft:item_frame":12,"minecraft:oak_sapling":2,"minecraft:furnace":14,"minecraft:egg":4,"minecraft:potato":3,"minecraft:cooked_beef":1,"minecraft:wheat_seeds":36,"minecraft:cooked_mutton":5,"minecraft:water_bucket":2,"minecraft:cobblestone_stairs":2,"minecraft:dirt_path":4,"minecraft:stone_pickaxe":58,"minecraft:oak_planks":62,"minecraft:cartography_table":3,"minecraft:wooden_pickaxe":6,"minecraft:chainmail_helmet":1,"minecraft:composter":3,"minecraft:fletching_table":10,"minecraft:stonecutter":2,"minecraft:cobblestone_slab":18,"minecraft:mossy_cobblestone":3,"minecraft:oak_slab":70,"minecraft:crafting_table":8,"minecraft:blast_furnace":9,"cobblemon:black_apricorn_seed":2,"cobblemon:yellow_apricorn_seed":1,"minecraft:white_bed":31,"minecraft:smoker":3,"minecraft:oak_log":36,"minecraft:diamond_pickaxe":156,"minecraft:diamond_shovel":303,"minecraft:bread":33,"cobblemon:razz_berry":1,"minecraft:lectern":1,"minecraft:stone_axe":177,"minecraft:cobblestone":702,"cobblemon:red_apricorn_seed":2,"minecraft:chainmail_boots":1,"minecraft:grindstone":3,"minecraft:cooked_porkchop":5,"minecraft:glass_pane":17,"minecraft:yellow_bed":23,"minecraft:dandelion":1,"minecraft:oak_hanging_sign":2,"cobblemon:blue_apricorn_seed":1,"minecraft:bone_meal":6,"minecraft:chainmail_leggings":1},"minecraft:mined":{"minecraft:white_bed":10,"minecraft:farmland":5,"cobblemon:apricorn_log":14,"minecraft:brewing_stand":4,"minecraft:grass_block":173,"minecraft:hay_block":17,"minecraft:carrots":5,"minecraft:furnace":9,"cobblemon:razz_berry":1,"minecraft:bell":1,"minecraft:bookshelf":4,"minecraft:potatoes":3,"minecraft:dirt_path":8,"minecraft:oak_stairs":68,"minecraft:stone":181,"minecraft:oak_slab":17,"minecraft:glass_pane":2,"minecraft:dandelion":1,"cobblemon:apricorn_planks":2,"minecraft:oak_fence":3,"minecraft:crafting_table":7,"minecraft:torch":3,"minecraft:chest":9,"minecraft:lectern":1,"minecraft:tall_grass":35,"minecraft:cobblestone":8,"minecraft:grindstone":1,"minecraft:sugar_cane":2,"minecraft:oak_planks":19,"minecraft:wall_torch":4,"minecraft:wheat":10,"minecraft:ice":1,"minecraft:spruce_log":3,"minecraft:yellow_bed":12,"minecraft:grass":108,"minecraft:oak_log":29,"minecraft:coal_ore":10,"minecraft:dirt":396,"minecraft:stonecutter":1,"minecraft:oak_leaves":8},"minecraft:dropped":{"minecraft:bread":41,"minecraft:oak_slab":2,"minecraft:wheat_seeds":3,"minecraft:oak_pressure_plate":1,"minecraft:oak_log":1,"cobblemon:red_apricorn_seed":1,"minecraft:mossy_cobblestone":1,"minecraft:crafting_table":2,"minecraft:bookshelf":64,"minecraft:oak_hanging_sign":2,"minecraft:oak_fence":1,"minecraft:feather":2,"minecraft:cobblestone":4,"minecraft:leather":168,"minecraft:fletching_table":1,"minecraft:grass_block":5,"minecraft:cobblestone_stairs":1,"minecraft:item_frame":8,"minecraft:dirt":54,"minecraft:brewing_stand":4,"minecraft:torch":36,"minecraft:brown_wool":1,"minecraft:oak_stairs":1,"minecraft:bone_meal":1,"minecraft:stonecutter":2,"cobblemon:blue_apricorn_seed":1,"minecraft:string":6,"minecraft:dandelion":3,"minecraft:bone":3,"minecraft:oak_door":1,"minecraft:stone_axe":1,"minecraft:oak_trapdoor":65,"minecraft:chicken":2,"minecraft:rotten_flesh":5,"minecraft:grindstone":1,"minecraft:iron_hoe":1,"minecraft:diamond_shovel":1,"minecraft:white_bed":3,"minecraft:dirt_path":1,"minecraft:glass_pane":2,"minecraft:blast_furnace":2,"minecraft:leather_chestplate":1,"minecraft:allium":4,"minecraft:diamond_pickaxe":1,"minecraft:yellow_bed":4,"minecraft:chest":10,"minecraft:ladder":64,"minecraft:miner_pottery_sherd":1,"sophisticatedbackpacks:copper_backpack":1,"minecraft:arrow":3,"minecraft:wooden_pickaxe":1,"minecraft:stone_pickaxe":1,"minecraft:bell":1,"minecraft:cartography_table":2,"minecraft:enchanting_table":1,"minecraft:lectern":1},"minecraft:killed_by":{"minecraft:creeper":1,"minecraft:skeleton":1,"minecraft:zombie":1},"minecraft:killed":{"minecraft:spider":4,"minecraft:skeleton":5,"minecraft:chicken":9,"minecraft:pig":5,"cobblemon:pokemon":8,"minecraft:sheep":8,"minecraft:zombie":12,"takesapillage:archer":1,"minecraft:cow":4,"minecraft:enderman":1},"minecraft:custom":{"minecraft:mob_kills":58,"minecraft:interact_with_crafting_table":28,"minecraft:bell_ring":47,"minecraft:leave_game":3,"minecraft:time_since_death":18599,"minecraft:climb_one_cm":3577,"minecraft:sprint_one_cm":617517,"minecraft:walk_one_cm":579469,"minecraft:damage_blocked_by_shield":1350,"minecraft:drop":121,"minecraft:talked_to_villager":2,"minecraft:play_time":312185,"minecraft:deaths":3,"minecraft:sneak_time":11742,"minecraft:walk_under_water_one_cm":11828,"minecraft:jump":4236,"minecraft:interact_with_blast_furnace":14,"minecraft:walk_on_water_one_cm":14131,"minecraft:total_world_time":312185,"minecraft:interact_with_furnace":42,"minecraft:sleep_in_bed":7,"minecraft:time_since_rest":18632,"minecraft:damage_taken":2413,"minecraft:damage_dealt":9046,"minecraft:swim_one_cm":27261,"minecraft:fly_one_cm":1484456,"minecraft:open_chest":271,"minecraft:crouch_one_cm":43227,"minecraft:fall_one_cm":101099}},"DataVersion":3465}