{"stats":{"minecraft:killed_by":{"minecraft:player":1,"minecraft:zombie":1},"minecraft:crafted":{"minecraft:cherry_planks":12,"minecraft:crafting_table":1,"minecraft:stick":4,"minecraft:wooden_pickaxe":1,"minecraft:stone_pickaxe":1,"minecraft:stone_axe":1},"minecraft:killed":{"minecraft:zombie":2,"cobblemon:pokemon":1},"minecraft:used":{"minecraft:stone_pickaxe":48,"minecraft:wooden_pickaxe":3,"minecraft:shield":3,"minecraft:stone_axe":38,"minecraft:crafting_table":1,"minecraft:cooked_porkchop":4,"minecraft:snowball":12},"minecraft:custom":{"minecraft:time_since_rest":4862,"minecraft:sprint_one_cm":56252,"minecraft:damage_taken":1098,"minecraft:walk_one_cm":49039,"minecraft:damage_blocked_by_shield":195,"minecraft:mob_kills":3,"minecraft:drop":15,"minecraft:damage_dealt":1425,"minecraft:interact_with_crafting_table":3,"minecraft:fly_one_cm":177065,"minecraft:player_kills":3,"minecraft:crouch_one_cm":835,"minecraft:play_time":25170,"minecraft:deaths":3,"minecraft:sneak_time":706,"minecraft:jump":647,"minecraft:leave_game":1,"minecraft:time_since_death":4599,"minecraft:total_world_time":25170,"minecraft:fall_one_cm":22546},"minecraft:dropped":{"minecraft:dirt":13,"minecraft:wheat_seeds":3,"minecraft:snowball":32,"gravestone:obituary":4,"minecraft:pink_petals":15},"minecraft:picked_up":{"minecraft:wooden_axe":1,"minecraft:raw_iron":9,"minecraft:pink_petals":17,"minecraft:stick":2,"minecraft:crafting_table":1,"minecraft:wooden_pickaxe":1,"gravestone:obituary":2,"minecraft:cherry_log":24,"minecraft:dirt":15,"minecraft:rotten_flesh":1,"minecraft:wheat_seeds":4,"minecraft:coal":16,"minecraft:snowball":51,"minecraft:cobblestone":25},"minecraft:mined":{"minecraft:pink_petals":2,"minecraft:iron_ore":9,"minecraft:cherry_log":21,"minecraft:crafting_table":1,"gravestone:gravestone":2,"minecraft:grass":2,"minecraft:grass_block":1,"minecraft:coal_ore":16,"minecraft:cherry_leaves":5,"minecraft:dirt":1,"minecraft:tall_grass":4,"minecraft:stone":25}},"DataVersion":3465}