{"stats":{"minecraft:broken":{"minecraft:golden_shovel":1,"minecraft:stone_axe":1,"minecraft:stone_shovel":1,"minecraft:iron_axe":1},"minecraft:mined":{"minecraft:white_bed":10,"minecraft:farmland":5,"minecraft:cobblestone_stairs":1,"cobblemon:apricorn_log":14,"minecraft:brewing_stand":7,"minecraft:grass_block":179,"minecraft:brown_wool":1,"minecraft:nether_wart":1,"minecraft:weeping_vines_plant":1,"minecraft:glowstone":51,"minecraft:fire":10,"minecraft:barrel":5,"minecraft:fletching_table":2,"minecraft:dirt_path":8,"minecraft:oak_stairs":115,"minecraft:smoker":3,"minecraft:crimson_nylium":2,"cobblemon:apricorn_planks":2,"minecraft:torch":13,"minecraft:blast_furnace":3,"minecraft:chest":9,"minecraft:cobblestone":226,"minecraft:grindstone":2,"minecraft:sugar_cane":2,"minecraft:oak_planks":142,"minecraft:damaged_anvil":1,"minecraft:crimson_stairs":2,"minecraft:wall_torch":17,"minecraft:white_terracotta":31,"minecraft:nether_wart_block":3,"minecraft:wheat":44,"minecraft:grass":139,"minecraft:oak_log":61,"minecraft:oak_fence_gate":7,"minecraft:dirt":455,"minecraft:crimson_planks":2,"minecraft:stonecutter":1,"minecraft:netherrack":19,"minecraft:oak_leaves":35,"minecraft:mossy_cobblestone":4,"minecraft:oak_door":1,"minecraft:nether_bricks":1,"minecraft:crimson_roots":8,"cobblemon:red_apricorn_sapling":1,"minecraft:hay_block":17,"minecraft:oak_trapdoor":4,"minecraft:furnace":9,"minecraft:carrots":13,"cobblemon:razz_berry":1,"minecraft:bell":1,"minecraft:nether_brick_fence":8,"minecraft:bookshelf":4,"minecraft:potatoes":11,"minecraft:cobblestone_slab":10,"minecraft:crimson_door":1,"minecraft:stripped_oak_log":16,"minecraft:stone":201,"minecraft:white_wool":2,"minecraft:oak_slab":17,"mcwwindows:warped_planks_window2":3,"mcwwindows:warped_stem_window2":3,"minecraft:glass_pane":12,"mcwwindows:oak_pane_window":2,"minecraft:dandelion":2,"minecraft:oak_fence":36,"minecraft:crafting_table":7,"minecraft:cornflower":1,"minecraft:lectern":1,"minecraft:tall_grass":38,"minecraft:ice":1,"minecraft:spruce_log":3,"minecraft:white_wall_banner":1,"minecraft:yellow_bed":12,"minecraft:coal_ore":10},"minecraft:custom":{"minecraft:interact_with_crafting_table":49,"minecraft:open_barrel":77,"minecraft:bell_ring":47,"minecraft:leave_game":9,"minecraft:time_since_death":192375,"minecraft:sprint_one_cm":1033986,"minecraft:damage_blocked_by_shield":3270,"minecraft:drop":222,"minecraft:talked_to_villager":2,"minecraft:play_time":598328,"minecraft:deaths":6,"minecraft:jump":6644,"minecraft:walk_on_water_one_cm":14163,"minecraft:enchant_item":6,"minecraft:interact_with_furnace":51,"minecraft:sleep_in_bed":12,"minecraft:damage_dealt":28933,"minecraft:crouch_one_cm":70000,"minecraft:interact_with_smoker":15,"minecraft:mob_kills":162,"minecraft:interact_with_anvil":9,"minecraft:climb_one_cm":7631,"minecraft:walk_one_cm":1128824,"minecraft:sneak_time":20644,"minecraft:walk_under_water_one_cm":11828,"minecraft:interact_with_blast_furnace":16,"minecraft:total_world_time":598328,"minecraft:time_since_rest":21058,"minecraft:damage_taken":7485,"minecraft:damage_absorbed":200,"minecraft:swim_one_cm":27261,"minecraft:fly_one_cm":1989008,"minecraft:open_chest":538,"minecraft:fall_one_cm":156631},"minecraft:used":{"minecraft:ladder":6,"minecraft:donkey_spawn_egg":1,"minecraft:chest":62,"minecraft:shield":43,"minecraft:stone":19,"minecraft:iron_sword":315,"minecraft:nether_wart":6,"minecraft:bell":2,"minecraft:rotten_flesh":8,"minecraft:iron_chestplate":1,"minecraft:soul_sand":9,"minecraft:nether_bricks":1,"minecraft:carrot":16,"mcwwindows:oak_four_window":2,"minecraft:obsidian":10,"minecraft:grass_block":75,"minecraft:iron_helmet":1,"cobblemon:apricorn_planks":2,"minecraft:crimson_roots":2,"minecraft:item_frame":12,"minecraft:oak_sapling":2,"minecraft:furnace":14,"minecraft:egg":4,"minecraft:potato":25,"minecraft:elder_guardian_spawn_egg":1,"minecraft:oak_planks":62,"minecraft:stone_pickaxe":58,"minecraft:wooden_pickaxe":6,"minecraft:chainmail_helmet":1,"minecraft:composter":3,"minecraft:white_wool":4,"minecraft:golden_apple":5,"minecraft:blast_furnace":12,"cobblemon:yellow_apricorn_seed":1,"minecraft:crossbow":48,"minecraft:bread":100,"cobblemon:razz_berry":1,"minecraft:lectern":1,"minecraft:nether_wart_block":2,"minecraft:diamond_sword":148,"cobblemon:red_apricorn_seed":8,"minecraft:chainmail_boots":1,"minecraft:grindstone":4,"minecraft:oak_hanging_sign":2,"minecraft:bone_meal":58,"minecraft:experience_bottle":2,"minecraft:oak_fence":16,"minecraft:oak_trapdoor":8,"minecraft:enchanting_table":1,"minecraft:flint_and_steel":1,"minecraft:stone_shovel":255,"minecraft:netherrack":4,"minecraft:oak_door":4,"minecraft:torch":171,"minecraft:brewing_stand":12,"minecraft:anvil":2,"minecraft:dirt":249,"minecraft:hopper":7,"minecraft:chainmail_chestplate":1,"minecraft:golden_shovel":61,"minecraft:oak_fence_gate":13,"minecraft:iron_hoe":87,"minecraft:bookshelf":6,"minecraft:iron_axe":381,"minecraft:oak_stairs":181,"minecraft:crimson_planks":1,"minecraft:barrel":5,"securitycraft:remote_access_sentry":2,"securitycraft:sentry":2,"mcwwindows:warped_planks_window2":3,"minecraft:cooked_beef":1,"minecraft:wheat_seeds":60,"minecraft:cooked_mutton":17,"mcwwindows:oak_window":18,"minecraft:water_bucket":5,"minecraft:cobblestone_stairs":2,"minecraft:dirt_path":4,"mcwwindows:oak_window2":3,"minecraft:cartography_table":3,"mcwwindows:warped_stem_window2":3,"minecraft:fletching_table":12,"minecraft:stonecutter":2,"minecraft:cobblestone_slab":43,"minecraft:mossy_cobblestone":3,"minecraft:oak_slab":70,"minecraft:crafting_table":9,"cobblemon:black_apricorn_seed":5,"minecraft:white_bed":31,"minecraft:smoker":6,"minecraft:oak_log":38,"minecraft:diamond_pickaxe":503,"minecraft:diamond_shovel":303,"minecraft:iron_pickaxe":39,"minecraft:stone_axe":177,"mcwwindows:oak_pane_window":8,"minecraft:potion":1,"minecraft:cobblestone":1303,"minecraft:white_banner":5,"minecraft:cooked_porkchop":5,"minecraft:bucket":3,"minecraft:glass_pane":17,"minecraft:yellow_bed":23,"minecraft:dandelion":1,"cobblemon:blue_apricorn_seed":4,"minecraft:chainmail_leggings":2},"minecraft:killed":{"minecraft:zombified_piglin":2,"minecraft:witch":1,"minecraft:spider":7,"minecraft:skeleton":5,"minecraft:chicken":10,"minecraft:piglin":17,"minecraft:pig":5,"minecraft:elder_guardian":1,"minecraft:creeper":1,"minecraft:sheep":18,"minecraft:zombie":17,"takesapillage:archer":2,"minecraft:cow":4,"minecraft:blaze":46,"minecraft:vindicator":2,"cobblemon:pokemon":12,"takesapillage:skirmisher":1,"minecraft:hoglin":3,"minecraft:wither_skeleton":6,"minecraft:enderman":1},"minecraft:crafted":{"mcwwindows:window_half_bar_base":24,"minecraft:oak_planks":532,"minecraft:cobblestone_slab":12,"cobblemon:apricorn_planks":56,"minecraft:cooked_mutton":29,"minecraft:warped_planks":4,"minecraft:glass":37,"minecraft:chest":14,"minecraft:item_frame":8,"minecraft:oak_slab":66,"minecraft:cooked_porkchop":93,"minecraft:crafting_table":2,"minecraft:spruce_planks":12,"mcwwindows:oak_pane_window":8,"minecraft:wooden_pickaxe":1,"minecraft:copper_ingot":39,"mcwwindows:warped_planks_window2":8,"mcwwindows:window_base":88,"minecraft:shield":1,"minecraft:stick":272,"minecraft:iron_ingot":22,"minecraft:iron_block":3,"minecraft:gold_ingot":58,"minecraft:stone_shovel":2,"minecraft:furnace":2,"minecraft:bone_meal":9,"minecraft:oak_trapdoor":18,"minecraft:flint_and_steel":1,"minecraft:iron_axe":1,"minecraft:ladder":6,"minecraft:iron_hoe":1,"minecraft:stone_pickaxe":1,"minecraft:wheat":153,"minecraft:cooked_beef":17,"minecraft:enchanting_table":1,"mcwwindows:warped_stem_window2":8,"minecraft:stone_axe":2,"minecraft:bread":75,"minecraft:air":0,"minecraft:oak_fence_gate":5,"minecraft:oak_stairs":32,"minecraft:anvil":1,"minecraft:torch":12,"cobblemon:ultra_ball":4},"minecraft:killed_by":{"minecraft:creeper":1,"minecraft:piglin":1,"minecraft:blaze":2,"minecraft:zombie":1,"minecraft:skeleton":1},"minecraft:dropped":{"mcwwindows:oak_window":1,"minecraft:oak_pressure_plate":1,"minecraft:oak_log":1,"cobblemon:red_apricorn_seed":1,"minecraft:glass_bottle":1,"minecraft:crafting_table":2,"minecraft:leather":168,"minecraft:fletching_table":1,"sophisticatedbackpacks:advanced_deposit_upgrade":1,"minecraft:item_frame":8,"minecraft:cobblestone_stairs":1,"minecraft:dirt":59,"minecraft:crimson_roots":8,"sophisticatedbackpacks:netherite_backpack":1,"minecraft:bone_meal":1,"cobblemon:blue_apricorn_seed":1,"minecraft:crimson_door":1,"minecraft:gold_ingot":63,"minecraft:bone":3,"minecraft:oak_door":1,"minecraft:stone_axe":1,"minecraft:rotten_flesh":9,"minecraft:grindstone":1,"minecraft:diamond_shovel":1,"minecraft:nether_brick_fence":2,"minecraft:white_bed":3,"minecraft:poppy":2,"minecraft:oak_fence_gate":1,"minecraft:leather_chestplate":1,"minecraft:chest":12,"minecraft:ladder":64,"minecraft:arrow":3,"minecraft:cartography_table":2,"minecraft:enchanting_table":1,"minecraft:lectern":1,"minecraft:bread":41,"minecraft:oak_slab":2,"minecraft:wheat_seeds":3,"minecraft:mossy_cobblestone":1,"minecraft:bookshelf":64,"minecraft:oak_hanging_sign":2,"minecraft:oak_fence":1,"minecraft:feather":2,"minecraft:cobblestone":6,"minecraft:grass_block":5,"minecraft:stick":1,"minecraft:brewing_stand":5,"minecraft:torch":37,"minecraft:brown_wool":1,"minecraft:potion":3,"minecraft:oak_stairs":1,"minecraft:stonecutter":2,"minecraft:string":6,"minecraft:dandelion":3,"minecraft:oak_trapdoor":65,"minecraft:blaze_rod":1,"minecraft:stone_sword":3,"minecraft:chicken":2,"minecraft:iron_hoe":1,"minecraft:damaged_anvil":3,"minecraft:dirt_path":1,"minecraft:glass_pane":2,"minecraft:blast_furnace":2,"mcwwindows:oak_pane_window":2,"minecraft:cobblestone_slab":2,"minecraft:allium":4,"minecraft:diamond_pickaxe":1,"minecraft:yellow_bed":4,"minecraft:miner_pottery_sherd":1,"sophisticatedbackpacks:copper_backpack":1,"minecraft:stone_pickaxe":1,"minecraft:wooden_pickaxe":1,"sophisticatedbackpacks:everlasting_upgrade":1,"minecraft:bell":2},"minecraft:picked_up":{"minecraft:wooden_axe":1,"minecraft:iron_chestplate":1,"minecraft:wheat":43,"minecraft:chainmail_boots":4,"minecraft:nether_brick_fence":11,"cobblemon:red_apricorn":78,"minecraft:oak_stairs":110,"minecraft:potion":7,"minecraft:golden_shovel":1,"minecraft:nether_brick":11,"minecraft:crimson_planks":2,"minecraft:brewing_stand":7,"cobblemon:wepear_berry":45,"minecraft:string":28,"minecraft:raw_copper":124,"minecraft:oak_hanging_sign":1,"minecraft:experience_bottle":2,"minecraft:gold_nugget":13,"cobblemon:oran_berry":44,"minecraft:cobblestone_slab":18,"minecraft:iron_pickaxe":3,"minecraft:furnace":9,"minecraft:golden_helmet":1,"cobblemon:apricorn_log":14,"minecraft:stick":3,"minecraft:oak_fence":35,"minecraft:torch":204,"minecraft:porkchop":35,"minecraft:stone_sword":6,"minecraft:rotten_flesh":52,"minecraft:white_terracotta":31,"minecraft:blaze_rod":28,"minecraft:obsidian":1,"minecraft:cobblestone":991,"minecraft:feather":19,"cobblemon:great_ball":28,"cobblemon:ultra_ball":68,"minecraft:magma_cream":1,"minecraft:water_bucket":4,"minecraft:brown_wool":3,"minecraft:golden_leggings":1,"minecraft:smoker":3,"minecraft:potato":39,"cobblemon:razz_berry":65,"minecraft:lapis_lazuli":29,"minecraft:dirt":742,"mcwwindows:warped_stem_window2":3,"minecraft:leather_boots":1,"minecraft:bone":15,"minecraft:stonecutter":2,"minecraft:wheat_seeds":168,"cobblemon:black_apricorn":76,"minecraft:bell":4,"mcwwindows:warped_planks_window2":3,"minecraft:grindstone":2,"minecraft:glowstone_dust":154,"minecraft:fletching_table":2,"minecraft:oak_planks":138,"cobblemon:apricorn_planks":2,"cobblemon:sun_stone":1,"minecraft:oak_pressure_plate":1,"minecraft:crimson_door":1,"minecraft:grass_block":1,"cobblemon:leppa_berry":1,"minecraft:spectral_arrow":6,"minecraft:barrel":5,"minecraft:mossy_cobblestone":4,"minecraft:iron_hoe":1,"minecraft:miner_pottery_sherd":1,"minecraft:crossbow":3,"minecraft:emerald":1,"minecraft:chainmail_helmet":3,"minecraft:bread":143,"minecraft:oak_sapling":2,"minecraft:netherrack":46,"minecraft:crimson_roots":10,"minecraft:diamond_pickaxe":4,"minecraft:crafting_table":7,"minecraft:allium":2,"minecraft:chicken":15,"minecraft:nether_wart":3,"cobblemon:yellow_apricorn":63,"minecraft:golden_pickaxe":1,"minecraft:shield":4,"minecraft:oak_trapdoor":4,"minecraft:iron_axe":4,"cobblemon:white_apricorn":18,"minecraft:blackstone":30,"cobblemon:link_cable":1,"minecraft:cartography_table":1,"cobblemon:green_apricorn":15,"minecraft:beef":23,"minecraft:poppy":2,"minecraft:light_gray_wool":1,"minecraft:lectern":1,"minecraft:sugar_cane":5,"minecraft:chest":10,"minecraft:egg":7,"minecraft:raw_iron":57,"minecraft:oak_door":3,"minecraft:copper_ingot":85,"sophisticatedbackpacks:backpack":4,"minecraft:fire_charge":1,"minecraft:carrot":52,"sophisticatedbackpacks:everlasting_upgrade":1,"minecraft:arrow":76,"minecraft:nether_bricks":1,"minecraft:hay_block":17,"minecraft:gold_ingot":30,"minecraft:mutton":40,"cobblemon:blue_apricorn":29,"minecraft:white_wool":27,"minecraft:stripped_oak_log":16,"minecraft:leather":26,"minecraft:oak_log":158,"minecraft:chainmail_chestplate":3,"minecraft:nether_wart_block":3,"minecraft:yellow_bed":13,"minecraft:cobblestone_stairs":1,"mcwwindows:oak_pane_window":4,"minecraft:white_banner":5,"minecraft:cooked_mutton":4,"minecraft:apple":3,"minecraft:oak_fence_gate":7,"minecraft:iron_ingot":37,"minecraft:stone_pickaxe":1,"minecraft:glass_bottle":1,"minecraft:soul_sand":18,"minecraft:iron_sword":4,"minecraft:book":12,"cobblemon:red_apricorn_seed":6,"minecraft:oak_slab":26,"cobblemon:black_apricorn_seed":6,"minecraft:quartz":30,"minecraft:dandelion":5,"cobblemon:blue_apricorn_seed":3,"minecraft:gravel":15,"cobblemon:cheri_berry":5,"minecraft:crimson_stairs":2,"minecraft:blast_furnace":4,"cobblemon:pink_apricorn":3,"minecraft:white_bed":11,"minecraft:spruce_log":3,"minecraft:crying_obsidian":2,"minecraft:spider_eye":2,"minecraft:chainmail_leggings":4,"minecraft:iron_helmet":1,"minecraft:damaged_anvil":3,"minecraft:black_wool":2,"minecraft:coal":151,"minecraft:ender_pearl":5}},"DataVersion":3465}