{"stats":{"minecraft:killed":{"iceandfire:fire_dragon":4,"minecraft:ravager":2,"minecraft:creeper":2,"minecraft:pillager":2,"minecraft:enderman":2},"minecraft:picked_up":{"minecraft:coarse_dirt":1,"minecraft:wheat":15,"minecraft:flower_pot":2,"cobblemon:yellow_apricorn":1,"cobblemon:red_apricorn":3,"minecraft:diamond_sword":1,"minecraft:brick":4,"takesapillage:ravager_horn":1,"minecraft:gold_nugget":8,"cobblemon:green_apricorn":5,"minecraft:iron_nugget":8,"minecraft:poppy":2,"minecraft:enchanted_golden_apple":1,"iceandfire:dragonscales_green":22,"minecraft:stick":6,"iceandfire:dragonbone":8,"minecraft:spruce_fence":1,"minecraft:carrot":10,"minecraft:arrow":14,"minecraft:hay_block":3,"iceandfire:fire_dragon_heart":1,"cobblemon:blue_apricorn":1,"minecraft:potato":6,"minecraft:dirt":2,"minecraft:lantern":3,"minecraft:wheat_seeds":1,"minecraft:dark_oak_sign":1,"minecraft:oak_planks":3,"iceandfire:fire_dragon_flesh":2,"minecraft:oak_slab":2,"cobblemon:red_apricorn_seed":1,"minecraft:polished_andesite_stairs":1,"minecraft:white_stained_glass_pane":1,"minecraft:pig_spawn_egg":1,"minecraft:dandelion":3,"iceandfire:dragon_skull_fire":3,"minecraft:spruce_sapling":26,"minecraft:red_banner":4,"cobblemon:aspear_berry":3,"minecraft:dark_oak_log":1,"galosphere:silver_nugget":4,"minecraft:spruce_fence_gate":1,"minecraft:diamond":1,"minecraft:bone_meal":64,"minecraft:bread":3,"minecraft:emerald":5,"minecraft:oak_sapling":30},"minecraft:used":{"minecraft:spruce_slab":17,"securitycraft:keypad_chest":4,"minecraft:chest":52,"minecraft:spruce_planks":13,"minecraft:shield":5,"minecraft:iron_sword":8,"minecraft:stone":79,"minecraft:grass":1,"minecraft:iron_chestplate":1,"minecraft:oak_door":3,"minecraft:torch":72,"minecraft:dirt":26,"minecraft:spruce_stairs":60,"iceandfire:spawn_egg_fire_dragon":1,"minecraft:spruce_fence":34,"minecraft:stripped_spruce_log":5,"minecraft:milk_bucket":2,"minecraft:ravager_spawn_egg":8,"minecraft:bookshelf":4,"minecraft:villager_spawn_egg":12,"minecraft:iron_axe":4,"minecraft:grass_block":75,"minecraft:oak_stairs":43,"minecraft:polished_andesite_stairs":4,"minecraft:iron_helmet":1,"cobblemon:pink_apricorn_seed":3,"minecraft:iron_boots":1,"minecraft:stone_bricks":102,"minecraft:red_carpet":5,"minecraft:hay_block":1,"minecraft:oak_sapling":15,"minecraft:furnace":7,"minecraft:white_stained_glass_pane":9,"tombstone:gift":29,"minecraft:iron_leggings":1,"minecraft:water_bucket":16,"minecraft:cow_spawn_egg":7,"minecraft:dirt_path":22,"minecraft:cobblestone_stairs":14,"minecraft:spruce_door":4,"minecraft:polished_andesite":20,"minecraft:baked_potato":2,"minecraft:oak_planks":50,"minecraft:vindicator_spawn_egg":12,"minecraft:sheep_spawn_egg":6,"minecraft:spruce_fence_gate":2,"minecraft:oak_slab":115,"minecraft:crafting_table":3,"minecraft:white_bed":4,"minecraft:blast_furnace":1,"cobblemon:yellow_apricorn_seed":3,"cobblemon:black_apricorn_seed":2,"minecraft:campfire":1,"cobblemon:white_apricorn_seed":2,"minecraft:spruce_log":3,"minecraft:smoker":1,"minecraft:oak_log":32,"cobblemon:apricorn_leaves":40,"cobblemon:green_apricorn_seed":2,"minecraft:dark_oak_log":95,"minecraft:pig_spawn_egg":7,"minecraft:spruce_trapdoor":29,"minecraft:spruce_sapling":11,"minecraft:evoker_spawn_egg":4,"minecraft:diamond_sword":58,"minecraft:potion":2,"cobblemon:red_apricorn_seed":4,"minecraft:cobblestone":63,"minecraft:dark_oak_fence":16,"minecraft:bucket":2,"takesapillage:ravager_horn":1,"minecraft:coarse_dirt":18,"cobblemon:blue_apricorn_seed":3,"minecraft:bone_meal":192,"minecraft:pillager_spawn_egg":16},"minecraft:custom":{"minecraft:mob_kills":6,"minecraft:interact_with_crafting_table":2,"minecraft:leave_game":3,"minecraft:time_since_death":1480,"minecraft:climb_one_cm":1274,"minecraft:sprint_one_cm":120824,"minecraft:walk_one_cm":204414,"minecraft:damage_blocked_by_shield":158,"minecraft:drop":244,"minecraft:play_time":187118,"minecraft:deaths":5,"minecraft:sneak_time":5906,"minecraft:walk_under_water_one_cm":1233,"minecraft:jump":770,"minecraft:interact_with_blast_furnace":2,"minecraft:walk_on_water_one_cm":4060,"minecraft:total_world_time":187118,"minecraft:interact_with_furnace":15,"tombstone:raider_killed":2,"minecraft:raid_trigger":1,"minecraft:sleep_in_bed":1,"minecraft:time_since_rest":1287,"minecraft:damage_taken":860,"tombstone:sneak_grave":1,"minecraft:damage_dealt":5219,"minecraft:fly_one_cm":1162992,"minecraft:open_chest":88,"minecraft:crouch_one_cm":9824,"minecraft:interact_with_smoker":1,"minecraft:fall_one_cm":3238},"minecraft:killed_by":{"minecraft:player":3},"minecraft:mined":{"minecraft:hay_block":1,"minecraft:oak_slab":1,"minecraft:tall_grass":2,"minecraft:oak_planks":2,"minecraft:grass":2},"minecraft:dropped":{"minecraft:evoker_spawn_egg":1,"minecraft:bread":10,"minecraft:vindicator_spawn_egg":2,"minecraft:iron_sword":1,"minecraft:stripped_spruce_log":1,"minecraft:oak_slab":2,"minecraft:wheat_seeds":1,"minecraft:oak_log":2,"cobblemon:red_apricorn_seed":1,"cobblemon:blue_apricorn":1,"minecraft:diamond":1,"minecraft:bookshelf":1,"minecraft:iron_helmet":1,"minecraft:lantern":3,"cobblemon:persim_berry":1,"cobblemon:yellow_apricorn_seed":1,"minecraft:sheep_spawn_egg":1,"minecraft:spruce_door":1,"minecraft:grass_block":2,"minecraft:golden_apple":6,"cobblemon:pink_apricorn":2,"minecraft:emerald":15,"minecraft:red_carpet":1,"minecraft:stick":5,"minecraft:cobblestone_stairs":2,"minecraft:spruce_fence_gate":2,"minecraft:dirt":2,"minecraft:grass":1,"minecraft:dark_oak_log":3,"minecraft:milk_bucket":2,"minecraft:dark_oak_fence":1,"minecraft:torch":1,"cobblemon:poke_ball":32,"cobblemon:exp_candy_s":16,"cobblemon:green_apricorn":2,"tombstone:grave_dust":27,"minecraft:potion":1,"minecraft:iron_leggings":1,"minecraft:gold_nugget":8,"minecraft:oak_stairs":2,"minecraft:white_stained_glass_pane":3,"minecraft:bone_meal":129,"minecraft:polished_andesite_stairs":2,"minecraft:iron_axe":1,"cobblemon:great_ball":32,"cobblemon:heavy_ball":32,"iceandfire:spawn_egg_fire_dragon":1,"minecraft:paper":3,"iceandfire:dragon_skull_fire":1,"minecraft:spruce_sapling":52,"cobblemon:ultra_ball":32,"minecraft:furnace":64,"minecraft:pillager_spawn_egg":2,"minecraft:ravager_spawn_egg":65,"minecraft:iron_nugget":8,"minecraft:coarse_dirt":2,"minecraft:pig_spawn_egg":3,"minecraft:wheat":31,"minecraft:obsidian":64,"minecraft:composter":2,"tombstone:gift":1,"minecraft:red_banner":4,"minecraft:tall_grass":1,"minecraft:oak_planks":2,"minecraft:iron_boots":1,"minecraft:enchanted_golden_apple":1,"sophisticatedbackpacks:backpack":2,"minecraft:white_bed":1,"minecraft:dirt_path":1,"galosphere:silver_nugget":4,"minecraft:spruce_fence":4,"minecraft:carrot":20,"minecraft:diamond_sword":3,"minecraft:poppy":6,"minecraft:potato":12,"minecraft:hay_block":4,"takesapillage:ravager_horn":1,"minecraft:flower_pot":9,"minecraft:shield":2,"cobblemon:aspear_berry":3,"minecraft:iron_chestplate":1,"minecraft:oak_sapling":61,"minecraft:stone_bricks":1,"minecraft:cow_spawn_egg":1,"minecraft:spruce_slab":1,"minecraft:arrow":14,"securitycraft:keypad_chest":2,"minecraft:calcite":1,"minecraft:brick":8}},"DataVersion":3465}