{"stats":{"minecraft:picked_up":{"pixelmon:box":1,"minecraft:wheat_seeds":42,"minecraft:potato":33,"minecraft:hay_block":14,"pixelmon:film":1,"pixelmon:poke_ball":19,"minecraft:wheat":13,"minecraft:blaze_powder":4,"pixelmon:antidote":2},"minecraft:dropped":{"minecraft:bread":11,"minecraft:stone_bricks":5,"minecraft:clay_ball":3,"minecraft:flower_pot":1,"minecraft:smooth_stone":2,"pixelmon:poke_ball":1,"minecraft:oak_sapling":1,"minecraft:book":1},"minecraft:mined":{"minecraft:wheat":13,"pixelmon:box":1,"minecraft:potatoes":10,"minecraft:hay_block":14},"minecraft:used":{"minecraft:bread":7,"minecraft:potato":15,"pixelmon:box":1,"minecraft:wheat_seeds":13},"minecraft:custom":{"minecraft:open_barrel":10,"minecraft:open_chest":4,"minecraft:time_since_rest":21468,"minecraft:interact_with_smithing_table":1,"minecraft:play_one_minute":21468,"minecraft:crouch_one_cm":883,"minecraft:sprint_one_cm":52700,"minecraft:damage_taken":239,"minecraft:walk_one_cm":27340,"minecraft:sneak_time":293,"minecraft:walk_under_water_one_cm":169,"minecraft:drop":18,"minecraft:jump":512,"minecraft:damage_dealt":90,"minecraft:time_since_death":21468,"minecraft:walk_on_water_one_cm":518,"minecraft:climb_one_cm":850,"minecraft:swim_one_cm":3341,"minecraft:fall_one_cm":16950,"minecraft:fly_one_cm":127950}},"DataVersion":2586}