{"stats":{"minecraft:custom":{"minecraft:jump":28,"minecraft:time_since_rest":5520,"minecraft:crouch_one_cm":115,"minecraft:leave_game":5,"minecraft:play_time":5520,"minecraft:sprint_one_cm":1770,"minecraft:time_since_death":5520,"minecraft:walk_one_cm":1242,"minecraft:sneak_time":162,"minecraft:total_world_time":5520,"minecraft:fly_one_cm":71893,"minecraft:open_chest":2},"minecraft:used":{"securitycraft:keypad_chest":3,"securitycraft:universal_key_changer":1,"securitycraft:keypad":1}},"DataVersion":3465}