{"stats":{"minecraft:mined":{"minecraft:crafting_table":3,"gravestone:gravestone":4,"minecraft:grass_block":3,"minecraft:oak_planks":3,"minecraft:wall_torch":1,"minecraft:furnace":7,"minecraft:iron_ore":12,"minecraft:grass":1,"minecraft:coal_ore":6,"minecraft:oak_log":34,"minecraft:dirt":4,"minecraft:stone":41,"minecraft:oak_leaves":4},"minecraft:used":{"the_flesh_that_hates:plaquecreatureone_spawn_egg":1,"the_flesh_that_hates:flesh_dog_spawn_egg":1,"minecraft:netherite_sword":85,"minecraft:diamond_boots":1,"minecraft:birch_leaves":6,"the_flesh_that_hates:flesh_justice_spawn_egg":7,"minecraft:stone_pickaxe":61,"minecraft:netherite_chestplate":1,"minecraft:oak_planks":3,"minecraft:wooden_pickaxe":7,"minecraft:shield":12,"the_flesh_that_hates:flesh_suffer_spawn_egg":2,"minecraft:cooked_chicken":2,"minecraft:iron_chestplate":1,"minecraft:torch":6,"minecraft:dirt":7,"minecraft:netherite_leggings":1,"minecraft:oak_slab":4,"minecraft:crafting_table":4,"the_flesh_that_hates:flesh_sheep_spawn_egg":1,"minecraft:diamond_helmet":1,"minecraft:netherite_helmet":1,"the_flesh_that_hates:flesh_servant_spawn_egg":21,"the_flesh_that_hates:plaqueincubatorone_spawn_egg":1,"the_flesh_that_hates:plaqueincubatorstart_spawn_egg":13,"minecraft:netherite_boots":1,"minecraft:diamond_sword":16,"minecraft:stone_axe":79,"minecraft:diamond_chestplate":1,"the_flesh_that_hates:flesh_piece_spawn_egg":1,"the_flesh_that_hates:flesh_howler_spawn_egg":1,"minecraft:furnace":9,"minecraft:cooked_beef":3,"minecraft:enchanted_golden_apple":31,"minecraft:diamond_leggings":1},"minecraft:crafted":{"minecraft:cooked_beef":3,"minecraft:oak_slab":6,"minecraft:oak_planks":136,"minecraft:cooked_porkchop":2,"minecraft:crafting_table":2,"minecraft:cooked_chicken":2,"minecraft:wooden_pickaxe":1,"minecraft:furnace":4,"minecraft:stone_axe":1,"minecraft:air":0,"minecraft:iron_chestplate":1,"minecraft:shield":1,"minecraft:stick":8,"minecraft:iron_ingot":12,"minecraft:stone_pickaxe":1,"minecraft:torch":8},"minecraft:killed_by":{"minecraft:skeleton":2,"the_flesh_that_hates:plaquecontaminator":1,"the_flesh_that_hates:flesh_suffer":3},"minecraft:dropped":{"minecraft:netherite_sword":1,"minecraft:netherite_helmet":1,"minecraft:netherite_chestplate":1,"minecraft:diamond_leggings":1,"the_flesh_that_hates:plaqueincubatorstart_spawn_egg":123,"the_flesh_that_hates:piece_of_flesh":14,"the_flesh_that_hates:flesh_justice_spawn_egg":61,"minecraft:enchanted_golden_apple":96,"the_flesh_that_hates:mutated_flesh":2,"minecraft:golden_apple":13,"minecraft:netherite_leggings":1,"the_flesh_that_hates:flesh_heart":1,"minecraft:diamond_sword":1,"the_flesh_that_hates:flesh_servant_spawn_egg":47,"minecraft:shield":2,"minecraft:diamond_chestplate":1,"minecraft:netherite_boots":1,"minecraft:diamond_helmet":1,"medieval_craft_weapons:titanite_nugget_1":1,"gravestone:obituary":1,"minecraft:diamond_boots":1,"the_flesh_that_hates:plaqueincubatorone_spawn_egg":64},"minecraft:picked_up":{"minecraft:crafting_table":3,"minecraft:azure_bluet":1,"minecraft:feather":3,"the_flesh_that_hates:flesh_heart":1,"minecraft:chicken":2,"minecraft:leather":3,"minecraft:oak_log":34,"minecraft:dirt":7,"the_flesh_that_hates:piece_of_flesh":14,"minecraft:bone":1,"minecraft:wheat_seeds":1,"minecraft:beef":6,"the_flesh_that_hates:mutated_flesh":2,"minecraft:birch_sapling":2,"minecraft:oak_planks":14,"minecraft:egg":1,"minecraft:furnace":7,"minecraft:raw_iron":12,"minecraft:stick":7,"minecraft:torch":1,"medieval_craft_weapons:titanite_nugget_1":1,"the_flesh_that_hates:flesh_justice_spawn_egg":61,"minecraft:porkchop":5,"minecraft:arrow":4,"minecraft:mutton":3,"minecraft:coal":6,"minecraft:white_wool":2,"minecraft:cobblestone":41},"minecraft:killed":{"minecraft:pig":3,"the_flesh_that_hates:flesh_servant":2,"the_flesh_that_hates:flesh_dog":2,"the_flesh_that_hates:bruteplaquecreatureone":1,"the_flesh_that_hates:flesh_cow":2,"minecraft:sheep":2,"minecraft:skeleton":2,"the_flesh_that_hates:flesh_villager":4,"minecraft:zombie":1,"the_flesh_that_hates:flesh_vindicator":1,"the_flesh_that_hates:plaquecontaminator":3,"the_flesh_that_hates:flesh_suffer":2,"minecraft:chicken":2,"the_flesh_that_hates:flesh_pig":2,"minecraft:cow":3},"minecraft:custom":{"minecraft:interact_with_furnace":17,"minecraft:mob_kills":32,"minecraft:interact_with_crafting_table":13,"minecraft:leave_game":1,"minecraft:time_since_death":7911,"minecraft:climb_one_cm":165,"minecraft:damage_resisted":913,"minecraft:time_since_rest":7945,"minecraft:damage_absorbed":2758,"minecraft:sprint_one_cm":117579,"minecraft:damage_taken":3153,"minecraft:walk_one_cm":71282,"minecraft:damage_blocked_by_shield":945,"minecraft:drop":37,"minecraft:damage_dealt":7802,"minecraft:fly_one_cm":240419,"minecraft:crouch_one_cm":7150,"minecraft:play_time":37091,"minecraft:deaths":6,"minecraft:sneak_time":2674,"minecraft:jump":1011,"minecraft:total_world_time":37091,"minecraft:fall_one_cm":37750}},"DataVersion":3465}