{"stat.pickup.minecraft.double_plant":1,"stat.walkOneCm":13042,"stat.playerKills":1,"stat.pickup.minecraft.wooden_axe":1,"stat.leaveGame":6,"stat.craftItem.minecraft.crafting_table":1,"stat.pickup.minecraft.log":13,"stat.jump":124,"stat.swimOneCm":984,"stat.fallOneCm":2429,"stat.crouchOneCm":4024,"stat.pickup.minecraft.sapling":9,"stat.pickup.minecraft.dirt":19,"stat.useItem.minecraft.dirt":5,"stat.sprintOneCm":8077,"stat.useItem.minecraft.stone_slab2":4,"stat.craftItem.minecraft.stick":8,"stat.craftingTableInteraction":1,"stat.craftItem.minecraft.planks":52,"stat.pickup.minecraft.wooden_pickaxe":1,"stat.damageTaken":259,"stat.useItem.minecraft.wooden_pickaxe":6,"stat.pickup.minecraft.cobblestone":6,"stat.flyOneCm":13637,"stat.deaths":1,"stat.playOneMinute":13404,"stat.sneakTime":707,"stat.damageDealt":243,"stat.timeSinceDeath":7527,"stat.useItem.minecraft.wooden_axe":1,"stat.mineBlock.minecraft.dirt":16,"stat.mineBlock.minecraft.stone":6,"stat.diveOneCm":362}