{"stats":{"minecraft:broken":{"minecraft:stone_axe":1,"minecraft:stone_shovel":1},"minecraft:killed":{"minecraft:spider":1,"minecraft:chicken":8,"minecraft:pig":4,"cobblemon:pokemon":6,"minecraft:sheep":7,"minecraft:zombie":10,"minecraft:cow":4},"minecraft:mined":{"minecraft:white_bed":10,"minecraft:farmland":5,"cobblemon:apricorn_log":14,"minecraft:brewing_stand":3,"minecraft:grass_block":162,"minecraft:hay_block":12,"minecraft:furnace":2,"minecraft:carrots":5,"cobblemon:razz_berry":1,"minecraft:bell":1,"minecraft:bookshelf":4,"minecraft:potatoes":3,"minecraft:dirt_path":8,"minecraft:oak_stairs":14,"minecraft:stone":37,"minecraft:crafting_table":6,"minecraft:oak_fence":3,"cobblemon:apricorn_planks":2,"minecraft:torch":3,"minecraft:chest":3,"minecraft:lectern":1,"minecraft:tall_grass":33,"minecraft:cobblestone":7,"minecraft:grindstone":1,"minecraft:sugar_cane":2,"minecraft:wall_torch":2,"minecraft:wheat":10,"minecraft:ice":1,"minecraft:spruce_log":3,"minecraft:yellow_bed":8,"minecraft:grass":98,"minecraft:coal_ore":3,"minecraft:oak_log":29,"minecraft:dirt":100,"minecraft:stonecutter":1,"minecraft:oak_leaves":8},"minecraft:dropped":{"minecraft:bread":22,"minecraft:wheat_seeds":1,"minecraft:oak_pressure_plate":1,"minecraft:mossy_cobblestone":1,"minecraft:grass_block":1,"minecraft:dandelion":1,"minecraft:rotten_flesh":3,"minecraft:white_bed":2,"minecraft:glass_pane":1,"minecraft:yellow_bed":2,"minecraft:chest":1,"sophisticatedbackpacks:copper_backpack":1,"minecraft:wooden_pickaxe":1},"minecraft:killed_by":{"minecraft:creeper":1,"minecraft:zombie":1},"minecraft:used":{"minecraft:oak_fence":2,"minecraft:stone_shovel":255,"minecraft:chest":6,"minecraft:shield":1,"minecraft:iron_sword":14,"minecraft:bell":1,"minecraft:rotten_flesh":7,"minecraft:torch":28,"minecraft:brewing_stand":3,"minecraft:dirt":227,"minecraft:carrot":6,"minecraft:grass_block":25,"minecraft:oak_stairs":41,"cobblemon:apricorn_planks":2,"minecraft:oak_sapling":2,"minecraft:furnace":8,"minecraft:egg":4,"minecraft:potato":3,"minecraft:wheat_seeds":10,"minecraft:stone_pickaxe":51,"minecraft:oak_planks":30,"minecraft:cartography_table":1,"minecraft:wooden_pickaxe":6,"minecraft:fletching_table":2,"minecraft:mossy_cobblestone":3,"minecraft:oak_slab":2,"minecraft:crafting_table":5,"cobblemon:yellow_apricorn_seed":1,"cobblemon:black_apricorn_seed":2,"minecraft:blast_furnace":2,"minecraft:white_bed":16,"minecraft:oak_log":28,"minecraft:diamond_shovel":6,"minecraft:bread":27,"cobblemon:razz_berry":1,"minecraft:stone_axe":171,"cobblemon:red_apricorn_seed":1,"minecraft:cobblestone":97,"minecraft:cooked_porkchop":5,"minecraft:glass_pane":4,"minecraft:yellow_bed":12,"minecraft:dandelion":1},"minecraft:picked_up":{"minecraft:crafting_table":6,"minecraft:wheat":9,"minecraft:chicken":12,"cobblemon:yellow_apricorn":16,"cobblemon:red_apricorn":9,"minecraft:oak_stairs":13,"minecraft:brewing_stand":3,"cobblemon:wepear_berry":7,"minecraft:string":1,"minecraft:raw_copper":124,"cobblemon:white_apricorn":7,"minecraft:beef":23,"cobblemon:oran_berry":12,"minecraft:lectern":1,"minecraft:sugar_cane":5,"minecraft:chest":3,"minecraft:egg":6,"minecraft:furnace":2,"minecraft:stick":1,"minecraft:raw_iron":57,"cobblemon:apricorn_log":14,"minecraft:oak_fence":3,"minecraft:torch":8,"minecraft:porkchop":18,"minecraft:carrot":19,"minecraft:rotten_flesh":25,"minecraft:hay_block":12,"minecraft:mutton":26,"minecraft:white_wool":16,"minecraft:cobblestone":48,"minecraft:feather":14,"minecraft:leather":9,"minecraft:brown_wool":1,"minecraft:potato":13,"cobblemon:razz_berry":47,"minecraft:oak_log":34,"minecraft:yellow_bed":9,"minecraft:lapis_lazuli":29,"minecraft:dirt":311,"minecraft:leather_boots":1,"minecraft:apple":3,"minecraft:stonecutter":1,"minecraft:wheat_seeds":64,"cobblemon:black_apricorn":25,"minecraft:bell":1,"minecraft:stone_pickaxe":1,"minecraft:grindstone":1,"cobblemon:apricorn_planks":2,"minecraft:book":12,"cobblemon:sun_stone":1,"cobblemon:black_apricorn_seed":4,"minecraft:dandelion":2,"minecraft:oak_pressure_plate":1,"minecraft:white_bed":11,"minecraft:spruce_log":3,"cobblemon:leppa_berry":1,"minecraft:bread":64,"minecraft:oak_sapling":2,"minecraft:black_wool":2,"minecraft:coal":83},"minecraft:crafted":{"minecraft:oak_planks":228,"minecraft:stone_shovel":2,"cobblemon:apricorn_planks":56,"minecraft:furnace":2,"minecraft:cooked_mutton":10,"minecraft:stone_pickaxe":1,"minecraft:chest":4,"minecraft:wheat":54,"minecraft:cooked_beef":10,"minecraft:oak_slab":36,"minecraft:cooked_porkchop":12,"minecraft:crafting_table":1,"minecraft:spruce_planks":12,"minecraft:wooden_pickaxe":1,"minecraft:copper_ingot":39,"minecraft:stone_axe":2,"minecraft:bread":18,"minecraft:air":0,"minecraft:shield":1,"minecraft:stick":16,"minecraft:iron_ingot":20,"minecraft:oak_stairs":32,"minecraft:torch":12},"minecraft:custom":{"minecraft:mob_kills":41,"minecraft:interact_with_crafting_table":17,"minecraft:bell_ring":47,"minecraft:leave_game":1,"minecraft:time_since_death":87407,"minecraft:climb_one_cm":880,"minecraft:sprint_one_cm":375740,"minecraft:walk_one_cm":215001,"minecraft:damage_blocked_by_shield":60,"minecraft:drop":38,"minecraft:talked_to_villager":1,"minecraft:play_time":113097,"minecraft:deaths":2,"minecraft:sneak_time":4103,"minecraft:walk_under_water_one_cm":5464,"minecraft:jump":2768,"minecraft:walk_on_water_one_cm":10129,"minecraft:total_world_time":113097,"minecraft:interact_with_furnace":24,"minecraft:sleep_in_bed":5,"minecraft:time_since_rest":19261,"minecraft:damage_taken":1692,"minecraft:damage_dealt":5608,"minecraft:swim_one_cm":3973,"minecraft:fly_one_cm":647163,"minecraft:open_chest":71,"minecraft:crouch_one_cm":16991,"minecraft:fall_one_cm":74838}},"DataVersion":3465}