{"stats":{"minecraft:picked_up":{"pixelmon:box":1,"minecraft:wheat":14,"minecraft:wheat_seeds":42,"pixelmon:poke_ball":19,"minecraft:potato":33,"pixelmon:film":1,"minecraft:hay_block":14,"minecraft:blaze_powder":4,"pixelmon:antidote":2},"minecraft:dropped":{"minecraft:bread":11,"minecraft:book":1,"minecraft:clay_ball":3,"minecraft:stone_bricks":5,"minecraft:flower_pot":1,"minecraft:smooth_stone":2,"pixelmon:poke_ball":1,"minecraft:oak_sapling":1},"minecraft:mined":{"minecraft:hay_block":14,"minecraft:potatoes":10,"minecraft:wheat":13,"pixelmon:box":1},"minecraft:used":{"minecraft:bread":8,"pixelmon:box":1,"minecraft:potato":15,"minecraft:wheat_seeds":13},"minecraft:custom":{"minecraft:open_barrel":12,"minecraft:time_since_rest":23935,"minecraft:sprint_one_cm":60753,"minecraft:damage_taken":239,"minecraft:walk_one_cm":31959,"minecraft:sneak_time":326,"minecraft:walk_under_water_one_cm":169,"minecraft:drop":18,"minecraft:jump":572,"minecraft:damage_dealt":90,"minecraft:leave_game":1,"minecraft:time_since_death":23935,"minecraft:walk_on_water_one_cm":559,"minecraft:climb_one_cm":850,"minecraft:interact_with_loom":2,"minecraft:swim_one_cm":3341,"minecraft:play_one_minute":23935,"minecraft:open_chest":4,"minecraft:fly_one_cm":139635,"minecraft:fall_one_cm":19307,"minecraft:crouch_one_cm":1000,"minecraft:interact_with_smithing_table":1}},"DataVersion":2586}