{"stat.pickup.minecraft.double_plant":1,"stat.walkOneCm":7725,"stat.playerKills":1,"stat.leaveGame":5,"stat.jump":96,"stat.swimOneCm":984,"stat.fallOneCm":2011,"stat.crouchOneCm":3864,"stat.pickup.minecraft.sapling":2,"stat.pickup.minecraft.dirt":13,"stat.useItem.minecraft.dirt":5,"stat.sprintOneCm":4509,"stat.useItem.minecraft.stone_slab2":3,"stat.damageTaken":259,"stat.flyOneCm":11406,"stat.deaths":1,"stat.playOneMinute":11587,"stat.sneakTime":655,"stat.damageDealt":243,"stat.timeSinceDeath":5710,"stat.mineBlock.minecraft.dirt":10,"stat.diveOneCm":362}