{"stat.flyOneCm":923,"stat.pickup.minecraft.double_plant":1,"stat.deaths":1,"stat.walkOneCm":6530,"stat.jump":41,"stat.swimOneCm":984,"stat.playerKills":1,"stat.playOneMinute":9528,"stat.fallOneCm":546,"stat.leaveGame":5,"stat.sneakTime":648,"stat.damageTaken":259,"stat.damageDealt":243,"stat.crouchOneCm":3823,"stat.timeSinceDeath":3651,"stat.pickup.minecraft.sapling":2,"stat.pickup.minecraft.dirt":7,"stat.useItem.minecraft.dirt":5,"stat.sprintOneCm":489,"stat.mineBlock.minecraft.dirt":4,"stat.useItem.minecraft.stone_slab2":3,"stat.diveOneCm":362}