{"stat.craftItem.pixelmon.cooked_yellow_apricorn":46,"stat.useItem.pixelmon.anvil":6,"stat.leaveGame":12,"stat.drop.minecraft.redstone":3,"stat.drop.pixelmon.xs_exp_candy":6,"stat.useItem.minecraft.planks":13,"stat.mineBlock.minecraft.web":43,"stat.pickup.minecraft.porkchop":9,"stat.pickup.pixelmon.lum_berry":1,"stat.useItem.minecraft.water_bucket":7,"stat.craftItem.pixelmon.cooked_pink_apricorn":53,"stat.useItem.pixelmon.mechanical_anvil":1,"stat.craftItem.minecraft.stone_axe":1,"stat.craftItem.minecraft.stone_sword":1,"stat.useItem.minecraft.iron_pickaxe":250,"stat.pickup.minecraft.double_plant":2,"stat.craftItem.minecraft.bed":1,"stat.pickup.pixelmon.aluminium_ingot":36,"stat.useItem.pixelmon.pink_apricorn":6,"stat.drop.minecraft.rail":4,"stat.useItem.pixelmon.black_apricorn":5,"stat.mineBlock.minecraft.vine":2,"stat.furnaceInteraction":67,"stat.pickup.minecraft.beef":17,"stat.pickup.minecraft.furnace":4,"stat.mineBlock.minecraft.redstone_lamp":1,"stat.drop.minecraft.furnace":1,"stat.useItem.minecraft.flint_and_steel":1,"stat.useItem.minecraft.wheat_seeds":31,"stat.useItem.pixelmon.red_apricorn":4,"stat.useItem.minecraft.dye":63,"stat.pickup.ironchest.iron_chest":1,"stat.deaths":3,"stat.pickup.minecraft.egg":2,"stat.playOneMinute":234317,"stat.craftItem.minecraft.iron_pickaxe":1,"stat.craftItem.pixelmon.cooked_black_apricorn":42,"stat.drop.minecraft.torch":1,"stat.mineBlock.minecraft.tallgrass":11,"stat.chestOpened":47,"stat.pickup.pixelmon.crystal":25,"stat.useItem.minecraft.stone":9,"stat.pickup.minecraft.waterlily":5,"stat.mineBlock.pixelmon.amethyst_ore":10,"stat.fallOneCm":68149,"stat.drop.minecraft.stone":4,"stat.mineBlock.pixelmon.bauxite_ore":29,"stat.pickup.minecraft.carrot":61,"stat.crouchOneCm":64782,"stat.mineBlock.minecraft.chest":2,"stat.pickup.minecraft.rail":8,"stat.craftItem.minecraft.iron_ingot":241,"stat.pickup.minecraft.red_mushroom":2,"stat.pickup.pixelmon.l_exp_candy":2,"stat.craftingTableInteraction":24,"stat.pickup.minecraft.wooden_pickaxe":1,"stat.pickup.minecraft.feather":1,"stat.useItem.minecraft.furnace":11,"stat.pickup.minecraft.dye":139,"stat.pickup.minecraft.planks":1,"stat.pickup.minecraft.wheat_seeds":45,"stat.mineBlock.minecraft.gravel":2,"stat.useItem.minecraft.stone_pickaxe":91,"stat.useItem.minecraft.stone_sword":44,"stat.mineBlock.minecraft.dirt":21,"stat.useItem.minecraft.bread":4,"stat.useItem.minecraft.torch":174,"stat.drop.minecraft.rotten_flesh":2,"stat.pickup.minecraft.crafting_table":4,"stat.useItem.minecraft.cobblestone":254,"stat.craftItem.minecraft.crafting_table":5,"stat.drop.ironchest.iron_chest":1,"stat.mineBlock.pixelmon.sapphire_ore":23,"stat.pickup.minecraft.log":13,"stat.craftItem.minecraft.stone_button":64,"stat.drop.minecraft.sapling":7,"stat.pickup.minecraft.chicken":3,"stat.pickup.minecraft.sapling":11,"stat.drop.pixelmon.aluminium_ingot":36,"stat.pickup.minecraft.beetroot":36,"stat.craftItem.minecraft.bucket":1,"stat.craftItem.minecraft.planks":52,"stat.pickup.pixelmon.yache_berry":1,"stat.pickup.pixelmon.great_ball_lid":3,"stat.useItem.minecraft.beetroot_seeds":4,"stat.sneakTime":14311,"stat.pickup.minecraft.wool":7,"stat.drop.pixelmon.l_exp_candy":1,"stat.useItem.minecraft.wooden_axe":1,"stat.drop.minecraft.grass":3,"stat.drop.minecraft.wooden_axe":1,"stat.pickup.minecraft.chest":2,"stat.mineBlock.pixelmon.silicon_ore":15,"stat.drop.minecraft.beetroot":24,"stat.craftItem.pixelmon.cooked_white_apricorn":50,"stat.mineBlock.minecraft.cobblestone":8,"stat.pickup.minecraft.flint":1,"stat.swimOneCm":40016,"stat.pickup.pixelmon.iron_base":1,"stat.climbOneCm":2078,"stat.pickup.pixelmon.ruby":23,"stat.pickup.pixelmon.lansat_berry":1,"stat.useItem.minecraft.obsidian":13,"stat.useItem.minecraft.dirt":80,"stat.useItem.minecraft.stone_slab2":200,"stat.craftItem.minecraft.furnace":9,"stat.useItem.minecraft.egg":3,"stat.useItem.minecraft.iron_ore":2,"stat.craftItem.minecraft.stone_pickaxe":1,"stat.craftItem.minecraft.cooked_beef":10,"stat.mineBlock.minecraft.obsidian":10,"stat.pickup.minecraft.cobblestone":351,"stat.pickup.pixelmon.fire_stone_shard":6,"stat.flyOneCm":668398,"stat.pickup.pixelmon.bauxite_ore":28,"stat.useItem.minecraft.cooked_beef":4,"stat.useItem.pixelmon.white_apricorn":4,"stat.pickup.minecraft.redstone":62,"stat.mineBlock.minecraft.iron_ore":465,"stat.mineBlock.pixelmon.ruby_ore":24,"stat.timeSinceDeath":123641,"stat.pickup.minecraft.mutton":10,"stat.mineBlock.pixelmon.fire_stone_ore":7,"stat.mineBlock.pixelmon.crystal_ore":25,"stat.useItem.minecraft.potato":15,"stat.pickup.minecraft.wooden_axe":1,"stat.pickup.pixelmon.amethyst":9,"stat.pickup.pixelmon.poke_ball":8,"stat.pickup.minecraft.redstone_lamp":1,"stat.drop.minecraft.dirt":1,"stat.drop.minecraft.beetroot_seeds":23,"stat.mineBlock.minecraft.coal_ore":142,"stat.pickup.minecraft.string":40,"stat.drop.usefulbackpacks.backpack":1,"stat.craftItem.minecraft.stone_slab2":0,"stat.drop.minecraft.obsidian":10,"stat.useItem.pixelmon.blue_apricorn":10,"stat.sprintOneCm":546751,"stat.craftItem.minecraft.stick":48,"stat.mineBlock.minecraft.diamond_ore":58,"stat.pickup.pixelmon.cooked_yellow_apricorn":2,"stat.mineBlock.minecraft.crafting_table":4,"stat.craftItem.pixelmon.poke_ball":1,"stat.useItem.minecraft.diamond_pickaxe":936,"stat.useItem.minecraft.carrot":61,"stat.useItem.pixelmon.yellow_apricorn":6,"stat.mineBlock.minecraft.planks":1,"stat.drop":26,"stat.pickup.pixelmon.yellow_apricorn":14,"stat.craftItem.pixelmon.cooked_red_apricorn":43,"stat.pickup.minecraft.stone_button":1,"stat.killEntity.Sheep":7,"stat.craftItem.minecraft.diamond_pickaxe":1,"stat.mineBlock.minecraft.gold_ore":54,"stat.diveOneCm":12161,"stat.pickup.minecraft.wheat":19,"stat.drop.minecraft.wooden_pickaxe":1,"stat.pickup.minecraft.gravel":1,"stat.pickup.minecraft.obsidian":10,"stat.jump":3175,"stat.pickup.minecraft.coal":212,"stat.pickup.minecraft.iron_ingot":7,"stat.useItem.minecraft.stone_axe":43,"stat.craftItem.minecraft.torch":116,"stat.pickup.minecraft.dirt":24,"stat.pickup.minecraft.iron_ore":473,"stat.pickup.pixelmon.silicon_ore":15,"stat.craftItem.pixelmon.iron_hammer":1,"stat.useItem.minecraft.sapling":4,"stat.pickup.minecraft.gold_ore":54,"stat.mineBlock.minecraft.lapis_ore":22,"stat.drop.pixelmon.anvil":64,"stat.damageTaken":1819,"stat.pickup.minecraft.leather":15,"stat.mineBlock.minecraft.torch":1,"stat.mineBlock.minecraft.furnace":4,"stat.useItem.minecraft.wooden_pickaxe":26,"stat.pickup.minecraft.reeds":3,"stat.pickup.minecraft.bed":1,"stat.craftItem.pixelmon.cooked_blue_apricorn":60,"stat.pickup.minecraft.potato":29,"stat.damageDealt":2816,"stat.sleepInBed":4,"stat.killEntity.Cow":9,"stat.killEntity.Pig":7,"stat.pickup.pixelmon.sapphire":22,"stat.walkOneCm":316019,"stat.useItem.futuremc.blast_furnace":1,"stat.playerKills":2,"stat.useItem.minecraft.chest":1,"stat.pickup.pixelmon.poke_ball_lid":1,"stat.pickup.pixelmon.kelpsy_berry":2,"stat.craftItem.pixelmon.ultra_ball_disc":4,"stat.pickup.minecraft.stone":32,"stat.pickup.pixelmon.babiri_berry":2,"stat.pickup.pixelmon.ultra_ball_disc":1,"stat.killEntity.Chicken":3,"stat.mobKills":26,"stat.pickup.pixelmon.starf_berry":2,"stat.useItem.minecraft.golden_apple":2,"stat.pickup.minecraft.diamond":58,"stat.mineBlock.minecraft.leaves":17,"stat.pickup.minecraft.beetroot_seeds":27,"stat.pickup.minecraft.torch":5,"stat.pickup.pixelmon.mago_berry":2,"stat.mineBlock.minecraft.redstone_ore":14,"stat.pickup.pixelmon.great_ball":16,"stat.mineBlock.minecraft.stone":381}