{"stats":{"minecraft:killed":{"minecraft:player":1},"minecraft:picked_up":{"minecraft:magenta_carpet":1,"sophisticatedbackpacks:backpack":2,"minecraft:enchanted_book":1,"minecraft:white_bed":1,"minecraft:string":5,"minecraft:brown_carpet":1,"minecraft:white_carpet":1,"minecraft:hay_block":26,"minecraft:spruce_sign":7,"minecraft:bread":1},"minecraft:crafted":{"minecraft:iron_boots":1,"minecraft:iron_chestplate":1,"minecraft:iron_pickaxe":1,"minecraft:iron_helmet":1,"minecraft:stone_pickaxe":1,"minecraft:iron_leggings":1,"cobblemon:ultra_ball":20,"minecraft:bread":78,"minecraft:wheat":234},"minecraft:used":{"minecraft:cooked_mutton":2,"minecraft:stone_pickaxe":1,"minecraft:string":5,"minecraft:iron_sword":8,"minecraft:spruce_sign":7,"minecraft:brown_carpet":1,"iceandfire:dragon_skull_fire":1,"tombstone:gift":1,"minecraft:white_bed":1,"minecraft:egg":1,"minecraft:cooked_beef":4},"minecraft:custom":{"minecraft:time_since_rest":4565,"minecraft:interact_with_furnace":3,"minecraft:sprint_one_cm":113942,"minecraft:damage_taken":476,"minecraft:walk_one_cm":53515,"minecraft:drop":5,"minecraft:damage_dealt":269,"minecraft:swim_one_cm":65434,"minecraft:interact_with_crafting_table":6,"minecraft:player_kills":1,"minecraft:fly_one_cm":66946,"minecraft:open_chest":45,"minecraft:crouch_one_cm":1423,"minecraft:play_time":46618,"minecraft:deaths":1,"minecraft:sneak_time":463,"minecraft:walk_under_water_one_cm":4213,"minecraft:jump":376,"minecraft:interact_with_blast_furnace":1,"minecraft:leave_game":2,"minecraft:time_since_death":7038,"minecraft:walk_on_water_one_cm":7197,"minecraft:sleep_in_bed":3,"minecraft:total_world_time":46618,"minecraft:climb_one_cm":376,"minecraft:fall_one_cm":7046},"minecraft:dropped":{"minecraft:bread":39,"sophisticatedbackpacks:backpack":1,"minecraft:cooked_mutton":3,"cobblemon:ultra_ball":10},"minecraft:mined":{"minecraft:hay_block":26,"minecraft:white_bed":2,"minecraft:kelp_plant":1,"minecraft:grass":1,"minecraft:tall_grass":3,"minecraft:tripwire":3}},"DataVersion":3465}