{"stats":{"minecraft:broken":{"minecraft:stone_pickaxe":2,"minecraft:stone_axe":1},"minecraft:killed":{"minecraft:skeleton":1,"takesapillage:clay_golem":1,"minecraft:pig":6,"cobblemon:pokemon":3,"minecraft:zombie_villager":1,"minecraft:sheep":15,"minecraft:zombie":7,"minecraft:cow":11},"minecraft:mined":{"minecraft:nether_gold_ore":1,"minecraft:white_bed":1,"minecraft:ladder":5,"minecraft:grass_block":2,"minecraft:crimson_roots":3,"minecraft:spruce_leaves":5,"minecraft:large_fern":2,"minecraft:hay_block":17,"minecraft:iron_ore":55,"minecraft:fire":7,"minecraft:andesite":2,"minecraft:deepslate_iron_ore":2,"minecraft:stone":115,"minecraft:light_gray_carpet":5,"minecraft:crimson_nylium":8,"minecraft:crafting_table":6,"minecraft:oak_fence":2,"minecraft:torch":1,"minecraft:poppy":1,"minecraft:birch_wood":5,"minecraft:cobblestone":7,"minecraft:tall_grass":7,"minecraft:copper_ore":37,"minecraft:lapis_ore":4,"minecraft:sugar_cane":1,"minecraft:diorite":4,"minecraft:wall_torch":1,"minecraft:birch_log":14,"minecraft:white_carpet":6,"minecraft:spruce_log":4,"minecraft:birch_leaves":1,"minecraft:grass":28,"minecraft:coal_ore":99,"minecraft:oak_log":26,"minecraft:gravel":1,"minecraft:dirt":2,"cobblemon:sun_stone_ore":1,"minecraft:netherrack":4,"minecraft:oak_leaves":6,"minecraft:deepslate":1},"minecraft:dropped":{"minecraft:bread":23,"minecraft:wheat_seeds":3,"minecraft:lapis_lazuli":29,"minecraft:golden_helmet":1,"cobblemon:sun_stone":1,"minecraft:coal":77,"minecraft:leather_helmet":1,"minecraft:stick":2,"minecraft:crimson_roots":1,"minecraft:wooden_axe":1,"cobblemon:green_mint_leaf":1,"minecraft:rabbit":1,"minecraft:raw_copper":124,"minecraft:raw_iron":57,"minecraft:rotten_flesh":5,"cobblemon:black_apricorn":1,"cobblemon:black_apricorn_seed":1,"minecraft:wooden_pickaxe":1},"minecraft:killed_by":{"minecraft:skeleton":1,"minecraft:zombie":1},"minecraft:used":{"minecraft:oak_fence":2,"minecraft:flint_and_steel":7,"minecraft:poppy":1,"minecraft:ladder":4,"minecraft:light_gray_carpet":4,"minecraft:shield":2,"minecraft:chest":2,"minecraft:spruce_planks":2,"minecraft:iron_sword":48,"minecraft:netherrack":3,"minecraft:torch":82,"minecraft:dirt":23,"minecraft:white_carpet":6,"minecraft:snowball":16,"minecraft:spruce_boat":3,"minecraft:wooden_axe":1,"minecraft:beef":5,"minecraft:furnace":1,"minecraft:cooked_beef":10,"minecraft:cobbled_deepslate":1,"minecraft:cooked_mutton":10,"minecraft:diorite":4,"minecraft:stone_pickaxe":315,"minecraft:wooden_pickaxe":14,"minecraft:leather_chestplate":1,"minecraft:crafting_table":9,"cobblemon:yellow_apricorn_seed":1,"minecraft:white_bed":1,"minecraft:bread":39,"minecraft:brown_wool":1,"minecraft:iron_pickaxe":14,"minecraft:gravel":1,"minecraft:golden_helmet":2,"minecraft:stone_axe":137,"cobblemon:red_apricorn_seed":1,"minecraft:cobblestone":98,"minecraft:cooked_porkchop":7,"minecraft:andesite":2,"minecraft:gray_wool":1},"minecraft:picked_up":{"cobblemon:green_mint_leaf":1,"minecraft:crafting_table":7,"minecraft:allium":2,"minecraft:chicken":1,"minecraft:ladder":4,"minecraft:clay_ball":3,"cobblemon:yellow_apricorn":7,"cobblemon:red_apricorn":6,"minecraft:raw_copper":124,"minecraft:flint_and_steel":1,"cobblemon:white_apricorn":5,"minecraft:white_carpet":6,"minecraft:gold_nugget":4,"minecraft:cobbled_deepslate":1,"cobblemon:green_apricorn":8,"minecraft:beef":19,"cobblemon:relic_coin":32,"minecraft:poppy":1,"minecraft:sugar_cane":7,"minecraft:iron_boots":1,"minecraft:golden_helmet":1,"minecraft:raw_iron":57,"minecraft:stick":2,"minecraft:oak_fence":2,"minecraft:torch":3,"minecraft:porkchop":11,"minecraft:diorite":4,"minecraft:rotten_flesh":5,"minecraft:hay_block":17,"sophisticatedbackpacks:copper_backpack":2,"minecraft:mutton":20,"minecraft:cobblestone":151,"cobblemon:blue_apricorn":5,"minecraft:snowball":17,"minecraft:white_wool":13,"minecraft:birch_log":14,"minecraft:leather_chestplate":1,"minecraft:air":0,"minecraft:andesite":2,"minecraft:leather":12,"minecraft:brown_wool":1,"minecraft:flint":1,"minecraft:oak_log":25,"minecraft:lapis_lazuli":29,"minecraft:dirt":25,"minecraft:cooked_mutton":4,"minecraft:bone":2,"minecraft:apple":1,"cobblemon:black_apricorn":10,"minecraft:wheat_seeds":3,"minecraft:birch_wood":5,"minecraft:stone_pickaxe":1,"minecraft:rabbit":2,"minecraft:iron_sword":1,"cobblemon:red_apricorn_seed":1,"cobblemon:sun_stone":1,"cobblemon:black_apricorn_seed":1,"minecraft:gravel":1,"cobblemon:yellow_apricorn_seed":1,"cobblemon:pink_apricorn":3,"minecraft:white_bed":1,"minecraft:spruce_log":11,"minecraft:spruce_boat":3,"minecraft:stone_axe":1,"cobblemon:rindo_berry":1,"minecraft:gray_wool":1,"minecraft:bread":41,"minecraft:light_gray_carpet":4,"minecraft:netherrack":12,"minecraft:coal":99,"minecraft:crimson_roots":2},"minecraft:crafted":{"minecraft:oak_planks":76,"minecraft:furnace":1,"cobblemon:premier_ball":8,"minecraft:cooked_mutton":8,"minecraft:iron_axe":1,"minecraft:stone_pickaxe":3,"minecraft:chest":2,"minecraft:spruce_boat":1,"minecraft:wheat":153,"minecraft:cooked_beef":10,"minecraft:cooked_porkchop":6,"minecraft:crafting_table":3,"minecraft:spruce_planks":44,"minecraft:wooden_pickaxe":1,"minecraft:stone_axe":2,"minecraft:bread":51,"minecraft:air":0,"cobblemon:poke_ball":8,"minecraft:iron_chestplate":1,"minecraft:shield":1,"minecraft:stick":60,"minecraft:iron_ingot":56,"minecraft:iron_pickaxe":1,"minecraft:wooden_axe":1,"minecraft:gold_ingot":18,"minecraft:iron_leggings":1,"minecraft:torch":88,"cobblemon:ultra_ball":40},"minecraft:custom":{"minecraft:mob_kills":46,"minecraft:interact_with_crafting_table":21,"minecraft:open_barrel":3,"minecraft:leave_game":2,"minecraft:time_since_death":51373,"minecraft:climb_one_cm":3540,"minecraft:sprint_one_cm":842895,"minecraft:walk_one_cm":208062,"minecraft:damage_blocked_by_shield":16,"minecraft:drop":24,"minecraft:talked_to_villager":3,"minecraft:play_time":175786,"minecraft:deaths":2,"minecraft:sneak_time":7693,"minecraft:walk_under_water_one_cm":13463,"minecraft:boat_one_cm":103635,"minecraft:jump":5541,"minecraft:interact_with_blast_furnace":10,"minecraft:walk_on_water_one_cm":41709,"minecraft:total_world_time":175786,"minecraft:interact_with_furnace":20,"minecraft:sleep_in_bed":3,"minecraft:time_since_rest":51398,"minecraft:damage_taken":3061,"minecraft:damage_dealt":6113,"minecraft:swim_one_cm":249054,"minecraft:fly_one_cm":1409912,"minecraft:open_chest":97,"minecraft:crouch_one_cm":22829,"minecraft:interact_with_smoker":5,"minecraft:fall_one_cm":139847}},"DataVersion":3465}