{"stats":{"minecraft:crafted":{"minecraft:oak_planks":44,"minecraft:crafting_table":1,"minecraft:stick":8,"minecraft:wooden_pickaxe":1,"minecraft:wooden_axe":1,"minecraft:chest":2,"minecraft:birch_planks":20,"minecraft:bread":127,"minecraft:wheat":369},"minecraft:picked_up":{"minecraft:birch_log":5,"minecraft:crafting_table":1,"minecraft:sandstone":1,"pixelmon:revive":4,"pixelmon:poke_ball":6,"minecraft:sand":2,"minecraft:oak_log":11,"minecraft:dirt":58,"minecraft:cactus":2,"minecraft:wheat_seeds":2,"minecraft:hay_block":41,"minecraft:birch_sapling":1,"minecraft:cobblestone":26,"pixelmon:awakening":3},"minecraft:dropped":{"minecraft:wheat_seeds":2,"minecraft:birch_sapling":1,"minecraft:blaze_powder":1},"minecraft:mined":{"minecraft:hay_block":41,"minecraft:birch_log":5,"minecraft:birch_leaves":1,"minecraft:crafting_table":1,"minecraft:grass":15,"minecraft:grass_block":53,"minecraft:oak_log":11,"minecraft:dirt":5,"minecraft:tall_grass":4,"minecraft:stone":26,"minecraft:oak_leaves":2},"minecraft:used":{"minecraft:bread":6,"minecraft:cactus":2,"minecraft:chest":2,"minecraft:wooden_pickaxe":26,"minecraft:sandstone":1,"pixelmon:aluminium_sword":11,"minecraft:dirt":58,"minecraft:sand":2,"minecraft:crafting_table":2,"minecraft:red_bed":1,"minecraft:porkchop":3,"minecraft:cod":4},"minecraft:custom":{"minecraft:time_since_rest":22594,"minecraft:sprint_one_cm":96977,"minecraft:damage_taken":198,"minecraft:walk_one_cm":33739,"minecraft:trigger_trapped_chest":1,"minecraft:drop":4,"minecraft:damage_dealt":240,"minecraft:interact_with_crafting_table":7,"minecraft:fly_one_cm":124712,"minecraft:player_kills":1,"minecraft:open_chest":14,"minecraft:crouch_one_cm":4937,"minecraft:play_one_minute":22594,"minecraft:sneak_time":1388,"minecraft:jump":562,"minecraft:leave_game":1,"minecraft:time_since_death":22594,"minecraft:walk_on_water_one_cm":230,"minecraft:climb_one_cm":3975,"minecraft:fall_one_cm":18491}},"DataVersion":2586}