{"stat.pickup.pixelmon.pc":1,"stat.drop.minecraft.wooden_pickaxe":1,"stat.leaveGame":5,"stat.mineBlock.minecraft.cobblestone":2,"stat.pickup.minecraft.stone_pickaxe":1,"stat.pickup.minecraft.stone_axe":1,"stat.pickup.pixelmon.grepa_berry":1,"stat.useItem.minecraft.apple":3,"stat.pickup.pixelmon.wacan_berry":2,"stat.jump":1015,"stat.swimOneCm":21323,"stat.fallOneCm":22810,"stat.climbOneCm":1106,"stat.useItem.minecraft.stone_axe":13,"stat.pickup.pixelmon.chople_berry":4,"stat.crouchOneCm":7662,"stat.pickup.pixelmon.oran_berry":2,"stat.pickup.minecraft.dirt":26,"stat.useItem.minecraft.dirt":24,"stat.useItem.minecraft.stone_slab2":12,"stat.craftingTableInteraction":3,"stat.pickup.pixelmon.tanga_berry":2,"stat.useItem.minecraft.sapling":2,"stat.craftItem.minecraft.stone_axe":1,"stat.damageTaken":954,"stat.pickup.minecraft.leather":4,"stat.useItem.futuremc.sweet_berries":1,"stat.pickup.pixelmon.apicot_berry":1,"stat.useItem.pixelmon.green_apricorn":3,"stat.craftItem.minecraft.stone_pickaxe":1,"stat.pickup.pixelmon.rawst_berry":2,"stat.useItem.minecraft.wooden_pickaxe":16,"stat.pickup.minecraft.cobblestone":18,"stat.pickup.futuremc.sweet_berries":1,"stat.pickup.minecraft.reeds":8,"stat.flyOneCm":168631,"stat.pickup.pixelmon.ganlon_berry":2,"stat.mineBlock.pixelmon.berrytree_yache":1,"stat.useItem.minecraft.stone_pickaxe":3,"stat.useItem.pixelmon.white_apricorn":9,"stat.damageDealt":1244,"stat.timeSinceDeath":58,"stat.killEntity.Cow":5,"stat.mineBlock.minecraft.dirt":29,"stat.craftItem.minecraft.wooden_pickaxe":1,"stat.walkOneCm":52207,"stat.useItem.pixelmon.pink_apricorn":6,"stat.playerKills":3,"stat.pickup.pixelmon.pecha_berry":3,"stat.useItem.pixelmon.black_apricorn":2,"stat.pickup.pixelmon.kebia_berry":4,"stat.pickup.minecraft.crafting_table":2,"stat.pickup.pixelmon.kelpsy_berry":2,"stat.useItem.minecraft.cobblestone":7,"stat.craftItem.minecraft.crafting_table":1,"stat.pickup.minecraft.redstone_lamp":1,"stat.mineBlock.minecraft.double_plant":1,"stat.useItem.pixelmon.yache_berry":1,"stat.pickup.minecraft.log":21,"stat.mineBlock.minecraft.birch_stairs":2,"stat.pickup.pixelmon.qualot_berry":1,"stat.pickup.minecraft.beef":13,"stat.drop.minecraft.sapling":3,"stat.mineBlock.minecraft.redstone_lamp":1,"stat.pickup.minecraft.birch_stairs":2,"stat.pickup.minecraft.sapling":9,"stat.useItem.pixelmon.blue_apricorn":8,"stat.sprintOneCm":215581,"stat.pickup.minecraft.apple":3,"stat.craftItem.minecraft.stick":8,"stat.craftItem.minecraft.wooden_axe":1,"stat.craftItem.minecraft.planks":84,"stat.mineBlock.minecraft.crafting_table":2,"stat.pickup.pixelmon.sitrus_berry":2,"stat.useItem.pixelmon.red_apricorn":2,"stat.mobKills":5,"stat.mineBlock.minecraft.log":13,"stat.useItem.pixelmon.yellow_apricorn":6,"stat.pickup.pixelmon.yache_berry":2,"stat.useItem.minecraft.beef":1,"stat.deaths":3,"stat.drop":4,"stat.mineBlock.minecraft.leaves":17,"stat.playOneMinute":73518,"stat.pickup.minecraft.red_flower":1,"stat.sneakTime":2390,"stat.useItem.minecraft.birch_stairs":1,"stat.useItem.minecraft.wooden_axe":9,"stat.pickup.pixelmon.passho_berry":8,"stat.mineBlock.minecraft.stone":16,"stat.mineBlock.minecraft.tallgrass":4,"stat.drop.minecraft.wooden_axe":1,"stat.diveOneCm":36921}