{"stats":{"minecraft:broken":{"minecraft:stone_pickaxe":2,"minecraft:stone_axe":1},"minecraft:killed":{"minecraft:pig":6,"cobblemon:pokemon":1,"minecraft:sheep":6,"minecraft:zombie":4,"takesapillage:clay_golem":1,"minecraft:cow":8},"minecraft:mined":{"minecraft:light_gray_carpet":3,"minecraft:white_bed":1,"minecraft:oak_fence":2,"minecraft:crafting_table":5,"minecraft:torch":1,"minecraft:ladder":5,"minecraft:grass_block":2,"minecraft:copper_ore":37,"minecraft:tall_grass":2,"minecraft:cobblestone":6,"minecraft:spruce_leaves":5,"minecraft:lapis_ore":4,"minecraft:sugar_cane":1,"minecraft:diorite":4,"minecraft:wall_torch":1,"minecraft:large_fern":2,"minecraft:hay_block":17,"minecraft:fire":1,"minecraft:iron_ore":55,"minecraft:white_carpet":3,"minecraft:andesite":2,"minecraft:spruce_log":4,"minecraft:grass":18,"minecraft:oak_log":20,"minecraft:coal_ore":99,"minecraft:deepslate_iron_ore":2,"minecraft:gravel":1,"minecraft:dirt":2,"cobblemon:sun_stone_ore":1,"minecraft:stone":115,"minecraft:deepslate":1,"minecraft:oak_leaves":6},"minecraft:dropped":{"minecraft:bread":23,"minecraft:wheat_seeds":2,"minecraft:lapis_lazuli":29,"minecraft:raw_copper":124,"cobblemon:sun_stone":1,"minecraft:raw_iron":57,"minecraft:rotten_flesh":1,"cobblemon:black_apricorn":1,"cobblemon:black_apricorn_seed":1,"minecraft:leather_helmet":1,"minecraft:coal":77,"minecraft:stick":2,"minecraft:rabbit":1,"cobblemon:green_mint_leaf":1,"minecraft:wooden_axe":1,"minecraft:wooden_pickaxe":1},"minecraft:killed_by":{"minecraft:zombie":1},"minecraft:used":{"minecraft:cooked_mutton":8,"minecraft:oak_fence":2,"minecraft:diorite":4,"minecraft:flint_and_steel":3,"minecraft:stone_pickaxe":314,"minecraft:ladder":4,"minecraft:light_gray_carpet":2,"minecraft:chest":2,"minecraft:wooden_pickaxe":14,"minecraft:torch":82,"minecraft:dirt":5,"minecraft:white_carpet":3,"minecraft:crafting_table":8,"minecraft:white_bed":1,"minecraft:wooden_axe":1,"minecraft:bread":14,"minecraft:brown_wool":1,"minecraft:gravel":1,"minecraft:golden_helmet":1,"minecraft:stone_axe":100,"cobblemon:red_apricorn_seed":1,"minecraft:cobblestone":59,"minecraft:beef":5,"minecraft:furnace":1,"minecraft:cooked_porkchop":6,"minecraft:andesite":2,"minecraft:cooked_beef":10,"minecraft:cobbled_deepslate":1},"minecraft:picked_up":{"cobblemon:green_mint_leaf":1,"minecraft:crafting_table":6,"minecraft:allium":2,"cobblemon:yellow_apricorn":6,"minecraft:ladder":4,"minecraft:clay_ball":3,"minecraft:andesite":2,"minecraft:brown_wool":1,"minecraft:leather":10,"cobblemon:red_apricorn":3,"minecraft:oak_log":19,"minecraft:lapis_lazuli":29,"minecraft:dirt":5,"minecraft:raw_copper":124,"minecraft:white_carpet":3,"minecraft:apple":1,"cobblemon:black_apricorn":10,"minecraft:wheat_seeds":2,"cobblemon:green_apricorn":4,"minecraft:cobbled_deepslate":1,"minecraft:beef":15,"minecraft:rabbit":2,"minecraft:sugar_cane":7,"cobblemon:red_apricorn_seed":1,"cobblemon:sun_stone":1,"minecraft:stick":2,"minecraft:raw_iron":57,"minecraft:oak_fence":2,"cobblemon:black_apricorn_seed":1,"minecraft:torch":3,"minecraft:gravel":1,"minecraft:porkchop":11,"cobblemon:pink_apricorn":3,"minecraft:diorite":4,"minecraft:white_bed":1,"minecraft:spruce_log":4,"minecraft:rotten_flesh":1,"minecraft:hay_block":17,"sophisticatedbackpacks:copper_backpack":1,"minecraft:light_gray_carpet":2,"cobblemon:blue_apricorn":5,"minecraft:mutton":8,"minecraft:coal":99,"minecraft:cobblestone":120,"minecraft:white_wool":4},"minecraft:crafted":{"minecraft:cooked_beef":10,"minecraft:oak_planks":76,"minecraft:cooked_porkchop":6,"minecraft:crafting_table":2,"minecraft:spruce_planks":16,"minecraft:wooden_pickaxe":1,"minecraft:furnace":1,"minecraft:stone_axe":2,"minecraft:bread":51,"minecraft:cooked_mutton":8,"minecraft:air":0,"minecraft:stick":36,"minecraft:stone_pickaxe":3,"minecraft:wooden_axe":1,"minecraft:chest":2,"minecraft:torch":88,"minecraft:wheat":153},"minecraft:custom":{"minecraft:interact_with_furnace":14,"minecraft:mob_kills":26,"minecraft:interact_with_crafting_table":13,"minecraft:open_barrel":3,"minecraft:leave_game":1,"minecraft:time_since_death":119363,"minecraft:sleep_in_bed":3,"minecraft:climb_one_cm":3540,"minecraft:time_since_rest":26666,"minecraft:sprint_one_cm":599572,"minecraft:damage_taken":1811,"minecraft:walk_one_cm":162158,"minecraft:drop":19,"minecraft:damage_dealt":3839,"minecraft:swim_one_cm":175033,"minecraft:talked_to_villager":3,"minecraft:fly_one_cm":913412,"minecraft:open_chest":20,"minecraft:crouch_one_cm":21271,"minecraft:play_time":120897,"minecraft:deaths":1,"minecraft:sneak_time":6995,"minecraft:walk_under_water_one_cm":7386,"minecraft:jump":3858,"minecraft:walk_on_water_one_cm":28304,"minecraft:interact_with_smoker":2,"minecraft:total_world_time":120897,"minecraft:fall_one_cm":103900}},"DataVersion":3465}