{"stat.drop.minecraft.wooden_pickaxe":1,"stat.leaveGame":4,"stat.jump":268,"stat.swimOneCm":4900,"stat.fallOneCm":5198,"stat.climbOneCm":25,"stat.useItem.minecraft.stone_axe":1,"stat.crouchOneCm":2715,"stat.pickup.minecraft.dirt":7,"stat.useItem.minecraft.dirt":6,"stat.useItem.minecraft.stone_slab2":4,"stat.craftingTableInteraction":3,"stat.craftItem.minecraft.stone_axe":1,"stat.damageTaken":258,"stat.pickup.minecraft.leather":4,"stat.craftItem.minecraft.stone_pickaxe":1,"stat.useItem.minecraft.wooden_pickaxe":16,"stat.pickup.minecraft.cobblestone":16,"stat.flyOneCm":32685,"stat.damageDealt":742,"stat.timeSinceDeath":7764,"stat.killEntity.Cow":5,"stat.mineBlock.minecraft.dirt":10,"stat.craftItem.minecraft.wooden_pickaxe":1,"stat.walkOneCm":15380,"stat.playerKills":1,"stat.pickup.minecraft.crafting_table":2,"stat.craftItem.minecraft.crafting_table":1,"stat.mineBlock.minecraft.double_plant":1,"stat.pickup.minecraft.log":11,"stat.pickup.minecraft.beef":7,"stat.drop.minecraft.sapling":3,"stat.pickup.minecraft.sapling":4,"stat.sprintOneCm":33771,"stat.craftItem.minecraft.stick":8,"stat.craftItem.minecraft.wooden_axe":1,"stat.craftItem.minecraft.planks":44,"stat.mineBlock.minecraft.crafting_table":2,"stat.mobKills":5,"stat.mineBlock.minecraft.log":6,"stat.useItem.minecraft.beef":1,"stat.deaths":1,"stat.drop":4,"stat.mineBlock.minecraft.leaves":1,"stat.playOneMinute":37766,"stat.sneakTime":1064,"stat.useItem.minecraft.wooden_axe":9,"stat.mineBlock.minecraft.stone":16,"stat.mineBlock.minecraft.tallgrass":1,"stat.drop.minecraft.wooden_axe":1,"stat.diveOneCm":13102}