{"stat.walkOneCm":12690,"stat.playerKills":1,"stat.craftItem.minecraft.planks":44,"stat.leaveGame":2,"stat.pickup.minecraft.crafting_table":1,"stat.damageTaken":248,"stat.pickup.minecraft.leather":4,"stat.mineBlock.minecraft.crafting_table":1,"stat.craftItem.minecraft.crafting_table":1,"stat.mineBlock.minecraft.double_plant":1,"stat.mobKills":5,"stat.mineBlock.minecraft.log":6,"stat.pickup.minecraft.log":11,"stat.flyOneCm":5112,"stat.deaths":1,"stat.drop":2,"stat.jump":129,"stat.swimOneCm":2070,"stat.mineBlock.minecraft.leaves":1,"stat.playOneMinute":33434,"stat.fallOneCm":1225,"stat.pickup.minecraft.beef":7,"stat.sneakTime":506,"stat.damageDealt":742,"stat.drop.minecraft.sapling":3,"stat.crouchOneCm":972,"stat.timeSinceDeath":3432,"stat.pickup.minecraft.sapling":4,"stat.useItem.minecraft.wooden_axe":9,"stat.pickup.minecraft.dirt":7,"stat.useItem.minecraft.dirt":6,"stat.killEntity.Cow":5,"stat.sprintOneCm":22892,"stat.mineBlock.minecraft.dirt":10,"stat.useItem.minecraft.stone_slab2":3,"stat.craftItem.minecraft.wooden_pickaxe":1,"stat.mineBlock.minecraft.tallgrass":1,"stat.craftItem.minecraft.stick":8,"stat.craftItem.minecraft.wooden_axe":1,"stat.craftingTableInteraction":2}