{"stat.craftItem.minecraft.diamond_chestplate":1,"stat.craftItem.minecraft.diamond_leggings":1,"stat.pickup.pixelmon.pc":1,"stat.useItem.minecraft.iron_axe":4,"stat.leaveGame":8,"stat.mineBlock.minecraft.cobblestone":2,"stat.pickup.minecraft.stone_pickaxe":1,"stat.craftItem.minecraft.iron_axe":1,"stat.craftItem.minecraft.diamond_helmet":1,"stat.swimOneCm":23947,"stat.pickup.pixelmon.iron_base":2,"stat.climbOneCm":2894,"stat.craftItem.pixelmon.ultra_ball":2,"stat.pickup.pixelmon.chople_berry":4,"stat.pickup.pixelmon.oran_berry":2,"stat.useItem.minecraft.dirt":24,"stat.useItem.minecraft.stone_slab2":13,"stat.craftItem.minecraft.stone_axe":1,"stat.craftItem.minecraft.stone_pickaxe":1,"stat.pickup.pixelmon.rawst_berry":2,"stat.pickup.minecraft.cobblestone":18,"stat.pickup.futuremc.sweet_berries":1,"stat.flyOneCm":243899,"stat.pickup.pixelmon.ganlon_berry":2,"stat.useItem.minecraft.cooked_beef":3,"stat.useItem.pixelmon.white_apricorn":9,"stat.timeSinceDeath":17298,"stat.craftItem.minecraft.wooden_pickaxe":1,"stat.useItem.pixelmon.pink_apricorn":6,"stat.useItem.pixelmon.black_apricorn":2,"stat.pickup.pixelmon.kebia_berry":4,"stat.pickup.pixelmon.poke_ball":32,"stat.furnaceInteraction":5,"stat.pickup.minecraft.redstone_lamp":1,"stat.useItem.pixelmon.yache_berry":1,"stat.mineBlock.minecraft.birch_stairs":2,"stat.pickup.pixelmon.qualot_berry":1,"stat.pickup.minecraft.beef":13,"stat.mineBlock.minecraft.redstone_lamp":1,"stat.pickup.minecraft.birch_stairs":2,"stat.useItem.pixelmon.blue_apricorn":8,"stat.sprintOneCm":290689,"stat.craftItem.minecraft.stick":16,"stat.craftItem.minecraft.wooden_axe":1,"stat.mineBlock.minecraft.crafting_table":2,"stat.useItem.pixelmon.red_apricorn":2,"stat.useItem.pixelmon.yellow_apricorn":6,"stat.useItem.minecraft.beef":1,"stat.deaths":3,"stat.drop":4,"stat.playOneMinute":90758,"stat.pickup.minecraft.stone_button":2,"stat.craftItem.minecraft.iron_pickaxe":1,"stat.useItem.minecraft.birch_stairs":1,"stat.pickup.pixelmon.passho_berry":8,"stat.mineBlock.minecraft.tallgrass":9,"stat.diveOneCm":36921,"stat.chestOpened":27,"stat.drop.minecraft.wooden_pickaxe":1,"stat.pickup.minecraft.stone_axe":1,"stat.pickup.pixelmon.grepa_berry":1,"stat.useItem.minecraft.apple":3,"stat.pickup.pixelmon.wacan_berry":2,"stat.jump":1391,"stat.fallOneCm":29830,"stat.pickup.pixelmon.ultra_ball":37,"stat.useItem.minecraft.stone_axe":13,"stat.crouchOneCm":8709,"stat.pickup.minecraft.dirt":27,"stat.craftingTableInteraction":6,"stat.pickup.pixelmon.tanga_berry":2,"stat.useItem.minecraft.sapling":2,"stat.damageTaken":1034,"stat.pickup.minecraft.leather":4,"stat.useItem.futuremc.sweet_berries":1,"stat.pickup.pixelmon.apicot_berry":1,"stat.useItem.pixelmon.green_apricorn":3,"stat.useItem.minecraft.wooden_pickaxe":16,"stat.pickup.minecraft.reeds":8,"stat.mineBlock.pixelmon.berrytree_yache":1,"stat.useItem.minecraft.stone_pickaxe":3,"stat.damageDealt":1436,"stat.sleepInBed":1,"stat.killEntity.Cow":5,"stat.mineBlock.minecraft.dirt":30,"stat.walkOneCm":74230,"stat.playerKills":3,"stat.pickup.pixelmon.pecha_berry":3,"stat.pickup.minecraft.crafting_table":2,"stat.pickup.pixelmon.kelpsy_berry":2,"stat.useItem.minecraft.cobblestone":7,"stat.craftItem.minecraft.crafting_table":1,"stat.mineBlock.minecraft.double_plant":1,"stat.pickup.minecraft.log":21,"stat.craftItem.minecraft.diamond_boots":1,"stat.drop.minecraft.sapling":3,"stat.pickup.minecraft.sapling":9,"stat.pickup.minecraft.apple":3,"stat.pickup.minecraft.cooked_beef":30,"stat.craftItem.minecraft.planks":84,"stat.pickup.pixelmon.sitrus_berry":2,"stat.pickup.pixelmon.ultra_ball_lid":2,"stat.mobKills":5,"stat.mineBlock.minecraft.log":13,"stat.pickup.pixelmon.yache_berry":2,"stat.mineBlock.minecraft.waterlily":1,"stat.mineBlock.minecraft.leaves":17,"stat.pickup.minecraft.red_flower":1,"stat.sneakTime":3127,"stat.pickup.pixelmon.great_ball":29,"stat.useItem.minecraft.wooden_axe":9,"stat.mineBlock.minecraft.stone":16,"stat.drop.minecraft.wooden_axe":1}