{"stats":{"minecraft:killed_by":{"minecraft:player":3},"minecraft:crafted":{"minecraft:cherry_planks":40,"minecraft:crafting_table":1,"minecraft:stick":12,"minecraft:wooden_pickaxe":1,"minecraft:stone_pickaxe":1,"minecraft:wooden_axe":1,"minecraft:stone_axe":1},"minecraft:killed":{"minecraft:sheep":6,"minecraft:pig":2,"quark:crab":1,"minecraft:spider":1},"minecraft:used":{"minecraft:moss_carpet":1,"minecraft:wooden_axe":7,"minecraft:stone_pickaxe":57,"minecraft:wooden_pickaxe":18,"minecraft:stone_axe":23,"minecraft:stick":2,"minecraft:pink_petals":15,"minecraft:mutton":9,"minecraft:crafting_table":2,"minecraft:porkchop":4,"minecraft:beetroot":1},"minecraft:custom":{"minecraft:time_since_rest":17127,"minecraft:sprint_one_cm":99140,"minecraft:damage_taken":1023,"minecraft:walk_one_cm":32162,"minecraft:mob_kills":10,"minecraft:drop":13,"minecraft:damage_dealt":1519,"minecraft:swim_one_cm":2107,"minecraft:player_kills":1,"minecraft:interact_with_crafting_table":3,"minecraft:fly_one_cm":183959,"minecraft:crouch_one_cm":2575,"minecraft:play_time":24143,"minecraft:deaths":3,"minecraft:sneak_time":998,"minecraft:walk_under_water_one_cm":709,"minecraft:jump":934,"minecraft:leave_game":1,"minecraft:walk_on_water_one_cm":1032,"minecraft:time_since_death":17103,"minecraft:total_world_time":24143,"minecraft:fall_one_cm":28022},"minecraft:dropped":{"minecraft:dirt":2,"minecraft:wheat_seeds":2,"minecraft:wooden_axe":1,"minecraft:oak_sapling":1,"gravestone:obituary":3,"minecraft:wooden_pickaxe":1,"minecraft:pink_petals":19},"minecraft:picked_up":{"minecraft:pink_petals":34,"minecraft:crafting_table":2,"minecraft:porkchop":4,"minecraft:cherry_log":10,"minecraft:moss_carpet":1,"minecraft:dirt":14,"minecraft:raw_copper":30,"minecraft:beetroot":1,"minecraft:wheat_seeds":2,"minecraft:oak_sapling":1,"minecraft:black_wool":1,"minecraft:mutton":9,"minecraft:coal":29,"minecraft:raw_iron":1,"minecraft:white_wool":5,"minecraft:cobblestone":37},"minecraft:mined":{"farmersdelight:wild_beetroots":2,"minecraft:pink_petals":1,"farmersdelight:sandy_shrub":1,"minecraft:iron_ore":1,"minecraft:cherry_log":13,"minecraft:birch_leaves":1,"minecraft:moss_carpet":1,"minecraft:crafting_table":2,"gravestone:gravestone":2,"minecraft:grass":2,"supplementaries:stick":1,"minecraft:coal_ore":29,"minecraft:cherry_leaves":1,"minecraft:dirt":1,"minecraft:copper_ore":8,"minecraft:tall_grass":1,"minecraft:stone":37}},"DataVersion":3465}