{"stats":{"minecraft:broken":{"minecraft:shield":1},"minecraft:killed":{"minecraft:evoker":2,"minecraft:vex":4,"minecraft:witch":4,"cobblemon:pokemon":4,"minecraft:vindicator":8,"minecraft:spider":4,"minecraft:ravager":6,"minecraft:creeper":2,"minecraft:skeleton":18,"minecraft:pillager":12,"minecraft:zombie":34,"minecraft:player":1,"minecraft:villager":4},"minecraft:picked_up":{"minecraft:iron_chestplate":1,"minecraft:wheat":65,"minecraft:allium":2,"cobblemon:great_ball":32,"cobblemon:ultra_ball":35,"minecraft:chicken":1,"minecraft:clay_ball":8,"minecraft:leather":1,"minecraft:golden_leggings":1,"minecraft:oak_log":10,"securitycraft:keypad_chest":2,"minecraft:shield":2,"minecraft:string":7,"minecraft:dirt":18,"minecraft:white_banner":2,"cobblemon:white_apricorn":1,"minecraft:iron_leggings":1,"minecraft:bone":11,"takesapillage:ravager_horn":2,"minecraft:oak_sign":5,"minecraft:bow":3,"minecraft:wheat_seeds":237,"minecraft:gold_nugget":48,"cobblemon:exp_candy_s":16,"minecraft:rose_bush":1,"tombstone:bag_of_seeds":1,"minecraft:iron_nugget":8,"minecraft:glowstone_dust":2,"minecraft:iron_sword":1,"minecraft:iron_boots":1,"minecraft:egg":1,"minecraft:stick":4,"minecraft:sweet_berries":2,"sophisticatedbackpacks:backpack":1,"iceandfire:dragon_skull_fire":2,"minecraft:red_banner":4,"tombstone:grave_dust":3,"minecraft:white_bed":1,"minecraft:grass_block":1,"minecraft:spruce_log":2,"minecraft:dark_oak_log":3,"galosphere:silver_nugget":5,"minecraft:arrow":3,"minecraft:rotten_flesh":20,"cobblemon:poke_ball":32,"minecraft:chainmail_leggings":1,"iceandfire:fire_dragon_heart":1,"minecraft:hay_block":22,"minecraft:iron_helmet":1,"cobblemon:heavy_ball":32,"minecraft:grass":1,"minecraft:golden_apple":6,"minecraft:spruce_sign":6,"minecraft:emerald":1,"minecraft:totem_of_undying":1,"tombstone:magic_scroll":1,"cobblemon:absorb_bulb":1,"minecraft:oak_sapling":2,"minecraft:white_wool":1},"minecraft:crafted":{"minecraft:oak_planks":40,"minecraft:bread":85,"minecraft:dark_oak_planks":12,"minecraft:wheat":198},"minecraft:used":{"minecraft:wheat_seeds":72,"securitycraft:keypad_chest":2,"minecraft:oak_planks":34,"minecraft:shield":81,"minecraft:iron_sword":272,"minecraft:grass":1,"minecraft:golden_apple":6,"minecraft:dirt":17,"minecraft:white_bed":1,"minecraft:dark_oak_planks":12,"minecraft:bread":51,"minecraft:bow":3,"tombstone:gift":8},"minecraft:custom":{"minecraft:interact_with_furnace":4,"minecraft:mob_kills":55,"tombstone:raider_killed":16,"minecraft:interact_with_crafting_table":3,"minecraft:interact_with_stonecutter":1,"minecraft:leave_game":3,"minecraft:time_since_death":390,"minecraft:sleep_in_bed":3,"minecraft:climb_one_cm":5115,"minecraft:damage_resisted":187,"minecraft:time_since_rest":1,"minecraft:sprint_one_cm":497019,"minecraft:damage_absorbed":160,"minecraft:damage_taken":4800,"minecraft:walk_one_cm":290602,"minecraft:damage_blocked_by_shield":4561,"minecraft:drop":7,"minecraft:damage_dealt":12113,"minecraft:swim_one_cm":49,"minecraft:talked_to_villager":4,"minecraft:fly_one_cm":819870,"minecraft:player_kills":1,"minecraft:open_chest":50,"minecraft:crouch_one_cm":34675,"minecraft:play_time":139915,"tombstone:undead_killed":26,"minecraft:deaths":9,"minecraft:sneak_time":10836,"minecraft:walk_under_water_one_cm":126,"tombstone:villager_killed":2,"minecraft:jump":3434,"minecraft:walk_on_water_one_cm":2756,"minecraft:total_world_time":139915,"minecraft:fall_one_cm":81055},"minecraft:killed_by":{"minecraft:player":1,"minecraft:creeper":1,"minecraft:pillager":1,"minecraft:ravager":2,"iceandfire:fire_dragon":1,"minecraft:vex":1},"minecraft:mined":{"minecraft:dark_oak_log":2,"minecraft:dandelion":1,"minecraft:grass_block":5,"minecraft:spruce_fence":1,"minecraft:decorated_pot":1,"minecraft:tall_grass":74,"minecraft:hay_block":22,"minecraft:wheat":71,"minecraft:fire":38,"minecraft:sweet_berry_bush":1,"minecraft:spruce_log":2,"minecraft:grass":48,"minecraft:oak_log":10,"minecraft:oak_leaves":4},"minecraft:dropped":{"minecraft:enchanted_book":1,"minecraft:iron_sword":1,"minecraft:wheat_seeds":64,"minecraft:rotten_flesh":2,"minecraft:chainmail_leggings":1,"minecraft:white_wool":1,"iceandfire:dragon_skull_fire":1}},"DataVersion":3465}