{"stats":{"minecraft:killed_by":{"minecraft:player":1},"minecraft:crafted":{"minecraft:oak_planks":4,"minecraft:diamond_pickaxe":1,"minecraft:iron_axe":1,"minecraft:stick":8,"minecraft:iron_pickaxe":1,"minecraft:bread":51,"minecraft:wheat":153},"minecraft:picked_up":{"minecraft:crafting_table":4,"pixelmon:poke_ball":8,"minecraft:oak_log":1,"minecraft:dead_bush":2,"minecraft:cobblestone_stairs":3,"minecraft:diamond":3,"minecraft:bell":1,"minecraft:hay_block":17,"minecraft:bread":11,"minecraft:poppy":2,"minecraft:lodestone":3,"minecraft:cobblestone":6},"minecraft:dropped":{"minecraft:poppy":1,"minecraft:dead_bush":1,"pixelmon:poke_ball":8},"minecraft:mined":{"minecraft:hay_block":17,"minecraft:diamond_ore":3,"minecraft:cobblestone_stairs":3,"minecraft:crafting_table":4,"minecraft:oak_log":1,"minecraft:poppy":1,"minecraft:sunflower":1,"minecraft:lodestone":3,"minecraft:cobblestone":6},"minecraft:used":{"minecraft:rabbit":5,"minecraft:iron_axe":3,"minecraft:bread":1,"minecraft:iron_pickaxe":15,"minecraft:poppy":1,"minecraft:bell":1,"minecraft:crafting_table":3},"minecraft:custom":{"minecraft:time_since_rest":19927,"minecraft:sprint_one_cm":91287,"minecraft:damage_taken":301,"minecraft:walk_one_cm":49235,"minecraft:drop":10,"minecraft:damage_dealt":128,"minecraft:fly_one_cm":107366,"minecraft:swim_one_cm":3876,"minecraft:interact_with_crafting_table":4,"minecraft:open_barrel":22,"minecraft:open_chest":16,"minecraft:crouch_one_cm":5048,"minecraft:play_one_minute":22886,"minecraft:deaths":1,"minecraft:sneak_time":1414,"minecraft:walk_under_water_one_cm":336,"minecraft:jump":429,"minecraft:leave_game":1,"minecraft:walk_on_water_one_cm":1117,"minecraft:time_since_death":19903,"minecraft:climb_one_cm":2968,"minecraft:fall_one_cm":14432}},"DataVersion":2586}