{"stats":{"minecraft:killed_by":{"minecraft:player":1},"minecraft:crafted":{"minecraft:oak_planks":4,"minecraft:diamond_pickaxe":1,"minecraft:iron_axe":1,"minecraft:stick":8,"minecraft:iron_pickaxe":1,"minecraft:bread":51,"minecraft:wheat":153},"minecraft:picked_up":{"minecraft:crafting_table":4,"minecraft:wheat":1,"pixelmon:poke_ball":8,"minecraft:oak_log":1,"minecraft:dead_bush":2,"minecraft:cobblestone_stairs":3,"minecraft:beetroot":1,"minecraft:diamond":3,"minecraft:wheat_seeds":2,"minecraft:bell":1,"minecraft:hay_block":21,"minecraft:bread":11,"minecraft:poppy":2,"minecraft:lodestone":3,"minecraft:cobblestone":6},"minecraft:dropped":{"minecraft:poppy":1,"minecraft:lodestone":3,"minecraft:beetroot":1,"minecraft:cobblestone":6,"minecraft:dead_bush":1,"pixelmon:poke_ball":8,"minecraft:cobblestone_stairs":3},"minecraft:mined":{"minecraft:hay_block":21,"minecraft:diamond_ore":3,"minecraft:wheat":1,"minecraft:cobblestone_stairs":3,"minecraft:crafting_table":4,"minecraft:oak_log":1,"minecraft:poppy":1,"minecraft:sunflower":1,"minecraft:lodestone":3,"minecraft:cobblestone":6},"minecraft:used":{"minecraft:wheat_seeds":2,"minecraft:rabbit":5,"minecraft:iron_axe":3,"minecraft:bread":1,"minecraft:iron_pickaxe":15,"minecraft:poppy":1,"minecraft:bell":1,"minecraft:crafting_table":3},"minecraft:custom":{"minecraft:time_since_rest":22944,"minecraft:sprint_one_cm":106855,"minecraft:damage_taken":311,"minecraft:walk_one_cm":54586,"minecraft:drop":14,"minecraft:damage_dealt":128,"minecraft:swim_one_cm":3876,"minecraft:interact_with_crafting_table":4,"minecraft:fly_one_cm":119797,"minecraft:open_barrel":26,"minecraft:open_chest":20,"minecraft:play_one_minute":25903,"minecraft:crouch_one_cm":5590,"minecraft:deaths":1,"minecraft:sneak_time":1531,"minecraft:walk_under_water_one_cm":336,"minecraft:jump":488,"minecraft:leave_game":2,"minecraft:time_since_death":22920,"minecraft:walk_on_water_one_cm":1133,"minecraft:climb_one_cm":2984,"minecraft:fall_one_cm":16021}},"DataVersion":2586}