{
    "enabled": true,
    "neededInstalledMods": [],
    "neededUninstalledMods": [],
    "spawns": [
      {
        "id": "flygon-1",
        "pokemon": "flygon",
        "type": "pokemon",
        "context": "grounded",
        "bucket": "ultra-rare",
        "level": "55-58",
        "weight": 4.0,
        "condition": {
          "biomes": [ "#cobblemon:is_sandy"
                    ]
        }
      },
      {
        "id": "flygon-2",
        "pokemon": "flygon",
        "type": "pokemon",
        "context": "grounded",
        "bucket": "ultra-rare",
        "level": "55-58",
        "weight": 6.0,
        "condition": {
          "canSeeSky": true,
          "biomes": [ "#cobblemon:is_sandy"],
          "neededNearbyBlocks": ["minecraft:red_sand"]
        }
      }

    ]
}