{
    "enabled": true,
    "neededInstalledMods": [],
    "neededUninstalledMods": [],
    "spawns": [
      {
        "id": "trapinch-1",
        "pokemon": "trapinch",
        "type": "pokemon",
        "context": "grounded",
        "bucket": "uncommon",
        "level": "22-31",
        "weight": 10.0,
        "condition": {
          "biomes": [ "#cobblemon:is_sandy"
                    ]
        },
        "anticondition":{"neededNearbyBlocks": ["minecraft:red_sand"]}
      },
      {
        "id": "trapinch-2",
        "pokemon": "trapinch",
        "type": "pokemon",
        "context": "grounded",
        "bucket": "common",
        "level": "22-31",
        "weight": 13.0,
        "condition": {
          "canSeeSky": true,
          "biomes": [ "#cobblemon:is_sandy"],
          "neededNearbyBlocks": ["minecraft:red_sand"]
        }
      }

    ]
}