{
    "enabled": true,
    "neededInstalledMods": [],
    "neededUninstalledMods": [],
    "spawns": [
      {
        "id": "vibrava-1",
        "pokemon": "vibrava",
        "type": "pokemon",
        "context": "grounded",
        "bucket": "rare",
        "level": "36-43",
        "weight": 3.0,
        "condition": {
          "biomes": [ "#cobblemon:is_sandy"
                    ]
        }
        
      },
      {
        "id": "vibrava-2",
        "pokemon": "vibrava",
        "type": "pokemon",
        "context": "grounded",
        "bucket": "rare",
        "level": "38-58",
        "weight": 4.0,
        "condition": {
          "canSeeSky": true,
          "biomes": [ "#cobblemon:is_sandy"],
          "neededNearbyBlocks": ["minecraft:red_sand"]
        }
      }

    ]
}