{
  "minecraft:recipes/decorations/crafting_table": {
    "criteria": {
      "unlock_right_away": "2024-05-17 01:36:50 +0000"
    },
    "done": true
  },
  "parcool:grant_parcool_guide": {
    "criteria": {
      "tick": "2024-05-17 01:36:50 +0000"
    },
    "done": true
  },
  "minecraft:adventure/adventuring_time": {
    "criteria": {
      "minecraft:snowy_slopes": "2024-05-17 01:48:34 +0000",
      "minecraft:flower_forest": "2024-05-17 01:48:35 +0000",
      "minecraft:plains": "2024-05-17 01:36:52 +0000"
    },
    "done": false
  },
  "DataVersion": 3465
}