{
  "securitycraft:recipes/securitycraft/universal_block_remover": {
    "criteria": {
      "has_iron": "2024-05-18 23:24:13 +0000"
    },
    "done": true
  },
  "pixelmon:recipes/decor/healer/white_healer": {
    "criteria": {
      "has_diamond": "2024-05-18 23:28:35 +0000"
    },
    "done": true
  },
  "pixelmon:recipes/equipment/camera": {
    "criteria": {
      "has_film": "2024-05-18 23:13:31 +0000"
    },
    "done": true
  },
  "minecraft:recipes/redstone/lever": {
    "criteria": {
      "has_cobblestone": "2024-05-18 23:28:33 +0000"
    },
    "done": true
  },
  "minecraft:recipes/building_blocks/cobblestone_stairs_from_cobblestone_stonecutting": {
    "criteria": {
      "has_cobblestone": "2024-05-18 23:28:33 +0000"
    },
    "done": true
  },
  "minecraft:recipes/combat/iron_sword": {
    "criteria": {
      "has_iron_ingot": "2024-05-18 23:24:13 +0000"
    },
    "done": true
  },
  "securitycraft:recipes/securitycraft/reinforced_andesite_with_vanilla_diorite": {
    "criteria": {
      "has_cobblestone": "2024-05-18 23:28:33 +0000"
    },
    "done": true
  },
  "minecraft:recipes/misc/wheat": {
    "criteria": {
      "has_hay_block": "2024-05-18 23:24:35 +0000"
    },
    "done": true
  },
  "pixelmon:recipes/decor/gym_signs/lime_gym_sign": {
    "criteria": {
      "has_ingot": "2024-05-18 23:24:13 +0000"
    },
    "done": true
  },
  "securitycraft:recipes/securitycraft/sentry": {
    "criteria": {
      "has_iron": "2024-05-18 23:24:13 +0000"
    },
    "done": true
  },
  "securitycraft:recipes/securitycraft/reinforced_spruce_fence": {
    "criteria": {
      "has_stick": "2024-05-18 23:25:52 +0000"
    },
    "done": true
  },
  "minecraft:recipes/tools/iron_pickaxe": {
    "criteria": {
      "has_iron_ingot": "2024-05-18 23:24:13 +0000"
    },
    "done": true
  },
  "pixelmon:recipes/decor/healer/green_healer_dyed": {
    "criteria": {
      "has_the_recipe": "2024-05-18 23:28:35 +0000"
    },
    "done": true
  },
  "pixelmon:recipes/pokeball/lid/friend_ball_lid": {
    "criteria": {
      "has_ultra_ball": "2024-05-18 23:13:31 +0000"
    },
    "done": true
  },
  "pixelmon:recipes/super_repel": {
    "criteria": {
      "has_ingot": "2024-05-18 23:24:13 +0000"
    },
    "done": true
  },
  "minecraft:recipes/decorations/campfire": {
    "criteria": {
      "has_stick": "2024-05-18 23:25:52 +0000"
    },
    "done": true
  },
  "minecraft:recipes/tools/golden_hoe": {
    "criteria": {
      "has_gold_ingot": "2024-05-18 23:24:13 +0000"
    },
    "done": true
  },
  "minecraft:recipes/food/bread": {
    "criteria": {
      "has_wheat": "2024-05-18 23:25:13 +0000"
    },
    "done": true
  },
  "pixelmon:specs/eeveelution_capture_all": {
    "criteria": {
      "0": "2024-05-18 23:18:50 +0000",
      "1": "2024-05-18 23:18:50 +0000",
      "2": "2024-05-18 23:18:50 +0000",
      "3": "2024-05-18 23:18:50 +0000",
      "4": "2024-05-18 23:18:50 +0000",
      "5": "2024-05-18 23:18:50 +0000",
      "6": "2024-05-18 23:18:50 +0000",
      "7": "2024-05-18 23:18:50 +0000",
      "8": "2024-05-18 23:18:50 +0000"
    },
    "done": true
  },
  "pixelmon:recipes/pokeball/lid/net_ball_lid": {
    "criteria": {
      "has_ultra_ball": "2024-05-18 23:13:31 +0000"
    },
    "done": true
  },
  "pixelmon:recipes/lures/lure_type_strong": {
    "criteria": {
      "has_case_recipe": "2024-05-18 23:24:13 +0000"
    },
    "done": true
  },
  "minecraft:recipes/decorations/ladder": {
    "criteria": {
      "has_stick": "2024-05-18 23:25:52 +0000"
    },
    "done": true
  },
  "pixelmon:recipes/decor/healer/yellow_healer_dyed": {
    "criteria": {
      "has_the_recipe": "2024-05-18 23:28:35 +0000"
    },
    "done": true
  },
  "minecraft:recipes/misc/iron_nugget": {
    "criteria": {
      "has_iron_ingot": "2024-05-18 23:24:13 +0000"
    },
    "done": true
  },
  "minecraft:recipes/decorations/chest": {
    "criteria": {
      "has_lots_of_items": "2024-05-18 23:21:19 +0000"
    },
    "done": true
  },
  "minecraft:recipes/combat/golden_sword": {
    "criteria": {
      "has_gold_ingot": "2024-05-18 23:24:13 +0000"
    },
    "done": true
  },
  "pixelmon:recipes/decor/healer/yellow_healer": {
    "criteria": {
      "has_diamond": "2024-05-18 23:28:35 +0000"
    },
    "done": true
  },
  "minecraft:recipes/tools/wooden_shovel": {
    "criteria": {
      "has_stick": "2024-05-18 23:25:52 +0000"
    },
    "done": true
  },
  "securitycraft:recipes/securitycraft/track_mine": {
    "criteria": {
      "has_iron": "2024-05-18 23:24:13 +0000"
    },
    "done": true
  },
  "pixelmon:recipes/equipment/movement/old_running_boots": {
    "criteria": {
      "has_ingot": "2024-05-18 23:24:13 +0000"
    },
    "done": true
  },
  "pixelmon:recipes/decor/healer/magenta_healer_dyed": {
    "criteria": {
      "has_the_recipe": "2024-05-18 23:28:35 +0000"
    },
    "done": true
  },
  "pixelmon:recipes/decor/gym_signs/blue_gym_sign": {
    "criteria": {
      "has_ingot": "2024-05-18 23:24:13 +0000"
    },
    "done": true
  },
  "minecraft:recipes/combat/diamond_sword": {
    "criteria": {
      "has_diamond": "2024-05-18 23:28:35 +0000"
    },
    "done": true
  },
  "pixelmon:specs/clobbopus_jump_capture_all": {
    "criteria": {
      "0": "2024-05-18 23:18:50 +0000"
    },
    "done": false
  },
  "minecraft:recipes/tools/shears": {
    "criteria": {
      "has_iron_ingot": "2024-05-18 23:24:13 +0000"
    },
    "done": true
  },
  "pixelmon:recipes/max_repel": {
    "criteria": {
      "has_ingot": "2024-05-18 23:24:13 +0000"
    },
    "done": true
  },
  "minecraft:recipes/misc/stick": {
    "criteria": {
      "has_the_recipe": "2024-05-18 23:25:40 +0000"
    },
    "done": true
  },
  "minecraft:recipes/transportation/spruce_boat": {
    "criteria": {
      "in_water": "2024-05-18 23:14:31 +0000"
    },
    "done": true
  },
  "securitycraft:recipes/securitycraft/reinforced_oak_fence": {
    "criteria": {
      "has_stick": "2024-05-18 23:25:52 +0000"
    },
    "done": true
  },
  "minecraft:recipes/decorations/jukebox": {
    "criteria": {
      "has_diamond": "2024-05-18 23:28:35 +0000"
    },
    "done": true
  },
  "pixelmon:recipes/decor/gym_signs/black_gym_sign": {
    "criteria": {
      "has_ingot": "2024-05-18 23:24:13 +0000"
    },
    "done": true
  },
  "pixelmon:recipes/decor/healer/lime_healer_dyed": {
    "criteria": {
      "has_the_recipe": "2024-05-18 23:28:35 +0000"
    },
    "done": true
  },
  "securitycraft:recipes/securitycraft/blacklist_module": {
    "criteria": {
      "has_iron": "2024-05-18 23:24:13 +0000"
    },
    "done": true
  },
  "securitycraft:recipes/securitycraft/speed_module": {
    "criteria": {
      "has_iron": "2024-05-18 23:24:13 +0000"
    },
    "done": true
  },
  "minecraft:recipes/misc/red_dye_from_beetroot": {
    "criteria": {
      "has_beetroot": "2024-05-18 23:34:28 +0000"
    },
    "done": true
  },
  "pixelmon:recipes/pokeball/lid/dusk_ball_lid": {
    "criteria": {
      "has_ultra_ball": "2024-05-18 23:13:31 +0000"
    },
    "done": true
  },
  "pixelmon:recipes/pokeball/lid/safari_ball_lid": {
    "criteria": {
      "has_ultra_ball": "2024-05-18 23:13:31 +0000"
    },
    "done": true
  },
  "pixelmon:recipes/machines/cookingpot": {
    "criteria": {
      "has_ingot": "2024-05-18 23:24:13 +0000"
    },
    "done": true
  },
  "securitycraft:recipes/securitycraft/electrified_iron_fence": {
    "criteria": {
      "has_iron": "2024-05-18 23:24:13 +0000"
    },
    "done": true
  },
  "securitycraft:recipes/securitycraft/harming_module": {
    "criteria": {
      "has_iron": "2024-05-18 23:24:13 +0000"
    },
    "done": true
  },
  "minecraft:recipes/food/cooked_rabbit_from_smoking": {
    "criteria": {
      "has_rabbit": "2024-05-18 23:21:19 +0000"
    },
    "done": true
  },
  "pixelmon:recipes/decor/healer/magenta_healer": {
    "criteria": {
      "has_diamond": "2024-05-18 23:28:35 +0000"
    },
    "done": true
  },
  "minecraft:recipes/misc/gold_nugget": {
    "criteria": {
      "has_gold_ingot": "2024-05-18 23:24:13 +0000"
    },
    "done": true
  },
  "securitycraft:recipes/securitycraft/reinforced_dark_oak_fence_gate": {
    "criteria": {
      "has_stick": "2024-05-18 23:25:52 +0000"
    },
    "done": true
  },
  "securitycraft:recipes/securitycraft/reinforced_andesite_with_vanilla_cobblestone": {
    "criteria": {
      "has_cobblestone": "2024-05-18 23:28:33 +0000"
    },
    "done": true
  },
  "minecraft:recipes/combat/iron_leggings": {
    "criteria": {
      "has_iron_ingot": "2024-05-18 23:24:13 +0000"
    },
    "done": true
  },
  "minecraft:husbandry/balanced_diet": {
    "criteria": {
      "rabbit": "2024-05-18 23:21:32 +0000",
      "bread": "2024-05-18 23:26:51 +0000"
    },
    "done": false
  },
  "pixelmon:recipes/pokeball/lid/fast_ball_lid": {
    "criteria": {
      "has_ultra_ball": "2024-05-18 23:13:31 +0000"
    },
    "done": true
  },
  "minecraft:recipes/tools/wooden_hoe": {
    "criteria": {
      "has_stick": "2024-05-18 23:25:52 +0000"
    },
    "done": true
  },
  "minecraft:recipes/combat/shield": {
    "criteria": {
      "has_iron_ingot": "2024-05-18 23:24:13 +0000"
    },
    "done": true
  },
  "minecraft:recipes/building_blocks/cobblestone_slab": {
    "criteria": {
      "has_cobblestone": "2024-05-18 23:28:33 +0000"
    },
    "done": true
  },
  "pixelmon:recipes/decor/gym_signs/cyan_gym_sign": {
    "criteria": {
      "has_ingot": "2024-05-18 23:24:13 +0000"
    },
    "done": true
  },
  "pixelmon:pokedex/pokedex_trigger": {
    "criteria": {
      "pokedex_base": "2024-05-18 23:12:31 +0000"
    },
    "done": true
  },
  "minecraft:recipes/misc/bucket": {
    "criteria": {
      "has_iron_ingot": "2024-05-18 23:24:13 +0000"
    },
    "done": true
  },
  "pixelmon:recipes/decor/gym_signs/light_blue_gym_sign": {
    "criteria": {
      "has_ingot": "2024-05-18 23:24:13 +0000"
    },
    "done": true
  },
  "minecraft:recipes/building_blocks/cobblestone_stairs": {
    "criteria": {
      "has_cobblestone": "2024-05-18 23:28:33 +0000"
    },
    "done": true
  },
  "minecraft:recipes/redstone/hopper": {
    "criteria": {
      "has_iron_ingot": "2024-05-18 23:24:13 +0000"
    },
    "done": true
  },
  "pixelmon:recipes/decor/gym_signs/orange_gym_sign": {
    "criteria": {
      "has_ingot": "2024-05-18 23:24:13 +0000"
    },
    "done": true
  },
  "pixelmon:recipes/pokeball/lid/sport_ball_lid": {
    "criteria": {
      "has_ultra_ball": "2024-05-18 23:13:31 +0000"
    },
    "done": true
  },
  "pixelmon:recipes/decor/healer/green_healer": {
    "criteria": {
      "has_diamond": "2024-05-18 23:28:35 +0000"
    },
    "done": true
  },
  "securitycraft:recipes/securitycraft/redstone_module": {
    "criteria": {
      "has_iron": "2024-05-18 23:24:13 +0000"
    },
    "done": true
  },
  "pixelmon:recipes/decor/gym_signs/gray_gym_sign": {
    "criteria": {
      "has_ingot": "2024-05-18 23:24:13 +0000"
    },
    "done": true
  },
  "securitycraft:recipes/securitycraft/reinforced_spruce_fence_gate": {
    "criteria": {
      "has_stick": "2024-05-18 23:25:52 +0000"
    },
    "done": true
  },
  "pixelmon:recipes/equipment/movement/acro_bike_frame": {
    "criteria": {
      "has_ingot": "2024-05-18 23:24:13 +0000"
    },
    "done": true
  },
  "pixelmon:recipes/pokeball/lid/love_ball_lid": {
    "criteria": {
      "has_ultra_ball": "2024-05-18 23:13:31 +0000"
    },
    "done": true
  },
  "minecraft:recipes/building_blocks/hay_block": {
    "criteria": {
      "has_wheat": "2024-05-18 23:25:13 +0000"
    },
    "done": true
  },
  "minecraft:recipes/combat/iron_helmet": {
    "criteria": {
      "has_iron_ingot": "2024-05-18 23:24:13 +0000"
    },
    "done": true
  },
  "minecraft:recipes/tools/golden_shovel": {
    "criteria": {
      "has_gold_ingot": "2024-05-18 23:24:13 +0000"
    },
    "done": true
  },
  "securitycraft:recipes/securitycraft/security_camera": {
    "criteria": {
      "has_iron": "2024-05-18 23:24:13 +0000"
    },
    "done": true
  },
  "pixelmon:recipes/lures/lure_ha_weak": {
    "criteria": {
      "has_case_recipe": "2024-05-18 23:24:13 +0000"
    },
    "done": true
  },
  "securitycraft:recipes/securitycraft/door_indestructible_iron_item": {
    "criteria": {
      "has_iron": "2024-05-18 23:24:13 +0000"
    },
    "done": true
  },
  "pixelmon:recipes/machines/trade_machine/trade_holder_right": {
    "criteria": {
      "has_poke_ball": "2024-05-18 23:13:19 +0000"
    },
    "done": true
  },
  "pixelmon:recipes/pokeball/base/aluminum_base": {
    "criteria": {
      "has_ingot": "2024-05-18 23:13:19 +0000"
    },
    "done": true
  },
  "minecraft:recipes/decorations/iron_bars": {
    "criteria": {
      "has_iron_ingot": "2024-05-18 23:24:13 +0000"
    },
    "done": true
  },
  "pixelmon:recipes/decor/healer/brown_healer": {
    "criteria": {
      "has_diamond": "2024-05-18 23:28:35 +0000"
    },
    "done": true
  },
  "securitycraft:recipes/securitycraft/reinforced_crimson_fence_gate": {
    "criteria": {
      "has_stick": "2024-05-18 23:25:52 +0000"
    },
    "done": true
  },
  "minecraft:recipes/building_blocks/gold_block": {
    "criteria": {
      "has_gold_ingot": "2024-05-18 23:24:13 +0000"
    },
    "done": true
  },
  "securitycraft:recipes/securitycraft/reinforced_birch_fence_gate": {
    "criteria": {
      "has_stick": "2024-05-18 23:25:52 +0000"
    },
    "done": true
  },
  "minecraft:recipes/combat/diamond_chestplate": {
    "criteria": {
      "has_diamond": "2024-05-18 23:28:35 +0000"
    },
    "done": true
  },
  "pixelmon:recipes/decor/healer/cyan_healer_dyed": {
    "criteria": {
      "has_the_recipe": "2024-05-18 23:28:35 +0000"
    },
    "done": true
  },
  "minecraft:story/mine_stone": {
    "criteria": {
      "get_stone": "2024-05-18 23:28:33 +0000"
    },
    "done": true
  },
  "minecraft:recipes/redstone/target": {
    "criteria": {
      "has_hay_block": "2024-05-18 23:24:35 +0000"
    },
    "done": true
  },
  "minecraft:recipes/transportation/minecart": {
    "criteria": {
      "has_iron_ingot": "2024-05-18 23:24:13 +0000"
    },
    "done": true
  },
  "minecraft:recipes/decorations/furnace": {
    "criteria": {
      "has_cobblestone": "2024-05-18 23:28:33 +0000"
    },
    "done": true
  },
  "securitycraft:recipes/securitycraft/reinforced_acacia_fence_gate": {
    "criteria": {
      "has_stick": "2024-05-18 23:25:52 +0000"
    },
    "done": true
  },
  "minecraft:recipes/food/beetroot_soup": {
    "criteria": {
      "has_beetroot": "2024-05-18 23:34:28 +0000"
    },
    "done": true
  },
  "minecraft:recipes/brewing/cauldron": {
    "criteria": {
      "has_water_bucket": "2024-05-18 23:35:30 +0000"
    },
    "done": true
  },
  "pixelmon:recipes/machines/trade_machine/trade_monitor": {
    "criteria": {
      "has_poke_ball": "2024-05-18 23:13:19 +0000"
    },
    "done": true
  },
  "securitycraft:recipes/securitycraft/reinforced_jungle_fence": {
    "criteria": {
      "has_stick": "2024-05-18 23:25:52 +0000"
    },
    "done": true
  },
  "minecraft:recipes/combat/diamond_leggings": {
    "criteria": {
      "has_diamond": "2024-05-18 23:28:35 +0000"
    },
    "done": true
  },
  "minecraft:recipes/misc/charcoal": {
    "criteria": {
      "has_log": "2024-05-18 23:25:34 +0000"
    },
    "done": true
  },
  "minecraft:recipes/food/cooked_rabbit_from_campfire_cooking": {
    "criteria": {
      "has_rabbit": "2024-05-18 23:21:19 +0000"
    },
    "done": true
  },
  "minecraft:recipes/tools/iron_hoe": {
    "criteria": {
      "has_iron_ingot": "2024-05-18 23:24:13 +0000"
    },
    "done": true
  },
  "minecraft:recipes/tools/wooden_pickaxe": {
    "criteria": {
      "has_stick": "2024-05-18 23:25:52 +0000"
    },
    "done": true
  },
  "minecraft:recipes/building_blocks/cobblestone_slab_from_cobblestone_stonecutting": {
    "criteria": {
      "has_cobblestone": "2024-05-18 23:28:33 +0000"
    },
    "done": true
  },
  "minecraft:husbandry/root": {
    "criteria": {
      "consumed_item": "2024-05-18 23:21:32 +0000"
    },
    "done": true
  },
  "minecraft:recipes/transportation/birch_boat": {
    "criteria": {
      "in_water": "2024-05-18 23:14:31 +0000"
    },
    "done": true
  },
  "minecraft:recipes/food/golden_apple": {
    "criteria": {
      "has_gold_ingot": "2024-05-18 23:24:13 +0000"
    },
    "done": true
  },
  "securitycraft:recipes/securitycraft/sonic_security_system": {
    "criteria": {
      "has_stick": "2024-05-18 23:25:52 +0000"
    },
    "done": true
  },
  "minecraft:recipes/transportation/acacia_boat": {
    "criteria": {
      "in_water": "2024-05-18 23:14:31 +0000"
    },
    "done": true
  },
  "pixelmon:recipes/equipment/aluminium/aluminium_equipment": {
    "criteria": {
      "has_aluminium": "2024-05-18 23:24:13 +0000"
    },
    "done": true
  },
  "minecraft:recipes/tools/iron_shovel": {
    "criteria": {
      "has_iron_ingot": "2024-05-18 23:24:13 +0000"
    },
    "done": true
  },
  "minecraft:recipes/redstone/iron_trapdoor": {
    "criteria": {
      "has_iron_ingot": "2024-05-18 23:24:13 +0000"
    },
    "done": true
  },
  "pixelmon:recipes/lures/lure_casing_strong": {
    "criteria": {
      "has_gold_ingot": "2024-05-18 23:24:13 +0000"
    },
    "done": true
  },
  "minecraft:adventure/root": {
    "criteria": {
      "killed_by_something": "2024-05-18 23:14:31 +0000"
    },
    "done": true
  },
  "pixelmon:recipes/decor/healer/light_gray_healer": {
    "criteria": {
      "has_diamond": "2024-05-18 23:28:35 +0000"
    },
    "done": true
  },
  "pixelmon:recipes/equipment/wailmer_pail": {
    "criteria": {
      "has_water_bucket": "2024-05-18 23:35:30 +0000"
    },
    "done": true
  },
  "pixelmon:recipes/equipment/vanilla/iron_hammer": {
    "criteria": {
      "has_iron_ingot": "2024-05-18 23:24:13 +0000"
    },
    "done": true
  },
  "securitycraft:recipes/securitycraft/storage_module": {
    "criteria": {
      "has_iron": "2024-05-18 23:24:13 +0000"
    },
    "done": true
  },
  "minecraft:recipes/tools/stone_hoe": {
    "criteria": {
      "has_cobblestone": "2024-05-18 23:28:33 +0000"
    },
    "done": true
  },
  "minecraft:recipes/food/baked_potato_from_smoking": {
    "criteria": {
      "has_potato": "2024-05-18 23:21:19 +0000"
    },
    "done": true
  },
  "minecraft:recipes/tools/diamond_pickaxe": {
    "criteria": {
      "has_diamond": "2024-05-18 23:28:35 +0000"
    },
    "done": true
  },
  "minecraft:recipes/tools/diamond_hoe": {
    "criteria": {
      "has_diamond": "2024-05-18 23:28:35 +0000"
    },
    "done": true
  },
  "pixelmon:recipes/decor/healer/red_healer_dyed": {
    "criteria": {
      "has_the_recipe": "2024-05-18 23:28:35 +0000"
    },
    "done": true
  },
  "pixelmon:recipes/equipment/movement/mach_bike_frame": {
    "criteria": {
      "has_ingot": "2024-05-18 23:24:13 +0000"
    },
    "done": true
  },
  "minecraft:recipes/tools/diamond_shovel": {
    "criteria": {
      "has_diamond": "2024-05-18 23:28:35 +0000"
    },
    "done": true
  },
  "pixelmon:recipes/decor/gym_signs/green_gym_sign": {
    "criteria": {
      "has_ingot": "2024-05-18 23:24:13 +0000"
    },
    "done": true
  },
  "pixelmon:recipes/decor/gym_signs/yellow_gym_sign": {
    "criteria": {
      "has_ingot": "2024-05-18 23:24:13 +0000"
    },
    "done": true
  },
  "pixelmon:recipes/curry/toast": {
    "criteria": {
      "has_bread": "2024-05-18 23:25:26 +0000"
    },
    "done": true
  },
  "minecraft:recipes/food/baked_potato": {
    "criteria": {
      "has_potato": "2024-05-18 23:21:19 +0000"
    },
    "done": true
  },
  "minecraft:recipes/misc/iron_nugget_from_smelting": {
    "criteria": {
      "has_chainmail_helmet": "2024-05-18 23:24:13 +0000"
    },
    "done": true
  },
  "pixelmon:recipes/machines/infuser": {
    "criteria": {
      "has_ingot": "2024-05-18 23:24:13 +0000"
    },
    "done": true
  },
  "pixelmon:recipes/decor/healer/purple_healer_dyed": {
    "criteria": {
      "has_the_recipe": "2024-05-18 23:28:35 +0000"
    },
    "done": true
  },
  "pixelmon:recipes/decor/healer/blue_healer_dyed": {
    "criteria": {
      "has_the_recipe": "2024-05-18 23:28:35 +0000"
    },
    "done": true
  },
  "pixelmon:recipes/decor/healer/gray_healer": {
    "criteria": {
      "has_diamond": "2024-05-18 23:28:35 +0000"
    },
    "done": true
  },
  "minecraft:recipes/decorations/chain": {
    "criteria": {
      "has_iron_ingot": "2024-05-18 23:24:13 +0000"
    },
    "done": true
  },
  "pixelmon:recipes/decor/healer/red_healer": {
    "criteria": {
      "has_diamond": "2024-05-18 23:28:35 +0000"
    },
    "done": true
  },
  "minecraft:story/mine_diamond": {
    "criteria": {
      "diamond": "2024-05-18 23:28:35 +0000"
    },
    "done": true
  },
  "securitycraft:recipes/securitycraft/reinforced_warped_fence_gate": {
    "criteria": {
      "has_stick": "2024-05-18 23:25:52 +0000"
    },
    "done": true
  },
  "pixelmon:recipes/decor/healer/pink_healer": {
    "criteria": {
      "has_diamond": "2024-05-18 23:28:35 +0000"
    },
    "done": true
  },
  "pixelmon:recipes/decor/gym_signs/light_gray_gym_sign": {
    "criteria": {
      "has_ingot": "2024-05-18 23:24:13 +0000"
    },
    "done": true
  },
  "minecraft:recipes/combat/diamond_helmet": {
    "criteria": {
      "has_diamond": "2024-05-18 23:28:35 +0000"
    },
    "done": true
  },
  "pixelmon:recipes/lures/lure_type_weak": {
    "criteria": {
      "has_case_recipe": "2024-05-18 23:24:13 +0000"
    },
    "done": true
  },
  "pixelmon:recipes/decor/healer/brown_healer_dyed": {
    "criteria": {
      "has_the_recipe": "2024-05-18 23:28:35 +0000"
    },
    "done": true
  },
  "minecraft:recipes/transportation/oak_boat": {
    "criteria": {
      "in_water": "2024-05-18 23:14:31 +0000"
    },
    "done": true
  },
  "pixelmon:recipes/decor/healer/light_blue_healer": {
    "criteria": {
      "has_diamond": "2024-05-18 23:28:35 +0000"
    },
    "done": true
  },
  "minecraft:recipes/food/baked_potato_from_campfire_cooking": {
    "criteria": {
      "has_potato": "2024-05-18 23:21:19 +0000"
    },
    "done": true
  },
  "pixelmon:recipes/decor/gym_signs/white_gym_sign": {
    "criteria": {
      "has_ingot": "2024-05-18 23:24:13 +0000"
    },
    "done": true
  },
  "pixelmon:recipes/decor/gym_signs/red_gym_sign": {
    "criteria": {
      "has_ingot": "2024-05-18 23:24:13 +0000"
    },
    "done": true
  },
  "minecraft:recipes/combat/golden_boots": {
    "criteria": {
      "has_gold_ingot": "2024-05-18 23:24:13 +0000"
    },
    "done": true
  },
  "pixelmon:recipes/decor/gym_signs/magenta_gym_sign": {
    "criteria": {
      "has_ingot": "2024-05-18 23:24:13 +0000"
    },
    "done": true
  },
  "securitycraft:recipes/securitycraft/reinforced_crimson_fence": {
    "criteria": {
      "has_stick": "2024-05-18 23:25:52 +0000"
    },
    "done": true
  },
  "pixelmon:recipes/curry/potato_pack": {
    "criteria": {
      "has_potato": "2024-05-18 23:21:19 +0000"
    },
    "done": true
  },
  "pixelmon:recipes/machines/trade_machine/trade_holder_left": {
    "criteria": {
      "has_poke_ball": "2024-05-18 23:13:19 +0000"
    },
    "done": true
  },
  "minecraft:recipes/tools/wooden_axe": {
    "criteria": {
      "has_stick": "2024-05-18 23:25:52 +0000"
    },
    "done": true
  },
  "securitycraft:recipes/securitycraft/keycard_lv2": {
    "criteria": {
      "has_iron": "2024-05-18 23:24:13 +0000"
    },
    "done": true
  },
  "securitycraft:recipes/securitycraft/keycard_lv1": {
    "criteria": {
      "has_iron": "2024-05-18 23:24:13 +0000"
    },
    "done": true
  },
  "pixelmon:recipes/decor/healer/black_healer": {
    "criteria": {
      "has_diamond": "2024-05-18 23:28:35 +0000"
    },
    "done": true
  },
  "pixelmon:recipes/pokeball/base/platinum_base": {
    "criteria": {
      "has_ingot": "2024-05-18 23:13:19 +0000"
    },
    "done": true
  },
  "minecraft:recipes/combat/golden_chestplate": {
    "criteria": {
      "has_gold_ingot": "2024-05-18 23:24:13 +0000"
    },
    "done": true
  },
  "securitycraft:recipes/securitycraft/bouncing_betty": {
    "criteria": {
      "has_iron": "2024-05-18 23:24:13 +0000"
    },
    "done": true
  },
  "pixelmon:recipes/pokeball/lid/repeat_ball_lid": {
    "criteria": {
      "has_ultra_ball": "2024-05-18 23:13:31 +0000"
    },
    "done": true
  },
  "minecraft:recipes/tools/diamond_axe": {
    "criteria": {
      "has_diamond": "2024-05-18 23:28:35 +0000"
    },
    "done": true
  },
  "pixelmon:types/capture_type_trigger": {
    "criteria": {
      "capture_any": "2024-05-18 23:18:50 +0000"
    },
    "done": true
  },
  "minecraft:recipes/building_blocks/iron_block": {
    "criteria": {
      "has_iron_ingot": "2024-05-18 23:24:13 +0000"
    },
    "done": true
  },
  "pixelmon:recipes/pokeball/lid/ancient_heavy_ball_lid": {
    "criteria": {
      "has_ingot": "2024-05-18 23:24:13 +0000"
    },
    "done": true
  },
  "pixelmon:wild_battle_victories/wild_battle_victory_trigger": {
    "criteria": {
      "wild_battle_victory_trigger": "2024-05-18 23:16:43 +0000"
    },
    "done": true
  },
  "minecraft:recipes/misc/red_dye_from_poppy": {
    "criteria": {
      "has_red_flower": "2024-05-18 23:24:58 +0000"
    },
    "done": true
  },
  "pixelmon:recipes/decor/healer/light_gray_healer_dyed": {
    "criteria": {
      "has_the_recipe": "2024-05-18 23:28:35 +0000"
    },
    "done": true
  },
  "pixelmon:recipes/decor/healer/lime_healer": {
    "criteria": {
      "has_diamond": "2024-05-18 23:28:35 +0000"
    },
    "done": true
  },
  "pixelmon:recipes/pokeball/lid/lure_ball_lid": {
    "criteria": {
      "has_ultra_ball": "2024-05-18 23:13:31 +0000"
    },
    "done": true
  },
  "securitycraft:recipes/securitycraft/keycard_lv4": {
    "criteria": {
      "has_iron": "2024-05-18 23:24:13 +0000"
    },
    "done": true
  },
  "securitycraft:recipes/securitycraft/sc_manual": {
    "criteria": {
      "has_wood": "2024-05-18 23:25:34 +0000"
    },
    "done": true
  },
  "securitycraft:recipes/securitycraft/keycard_lv3": {
    "criteria": {
      "has_iron": "2024-05-18 23:24:13 +0000"
    },
    "done": true
  },
  "securitycraft:recipes/securitycraft/keycard_lv5": {
    "criteria": {
      "has_iron": "2024-05-18 23:24:13 +0000"
    },
    "done": true
  },
  "pixelmon:recipes/decor/gym_signs/pink_gym_sign": {
    "criteria": {
      "has_ingot": "2024-05-18 23:24:13 +0000"
    },
    "done": true
  },
  "securitycraft:recipes/securitycraft/reinforced_birch_fence": {
    "criteria": {
      "has_stick": "2024-05-18 23:25:52 +0000"
    },
    "done": true
  },
  "minecraft:recipes/redstone/light_weighted_pressure_plate": {
    "criteria": {
      "has_gold_ingot": "2024-05-18 23:24:13 +0000"
    },
    "done": true
  },
  "pixelmon:recipes/lures/lure_ha_strong": {
    "criteria": {
      "has_case_recipe": "2024-05-18 23:24:13 +0000"
    },
    "done": true
  },
  "pixelmon:recipes/pokeball/lid/quick_ball_lid": {
    "criteria": {
      "has_ultra_ball": "2024-05-18 23:13:31 +0000"
    },
    "done": true
  },
  "minecraft:recipes/combat/wooden_sword": {
    "criteria": {
      "has_stick": "2024-05-18 23:25:52 +0000"
    },
    "done": true
  },
  "minecraft:recipes/tools/stone_shovel": {
    "criteria": {
      "has_cobblestone": "2024-05-18 23:28:33 +0000"
    },
    "done": true
  },
  "pixelmon:recipes/lures/lure_shiny_weak": {
    "criteria": {
      "has_case_recipe": "2024-05-18 23:24:13 +0000"
    },
    "done": true
  },
  "minecraft:recipes/building_blocks/oak_planks": {
    "criteria": {
      "has_logs": "2024-05-18 23:25:34 +0000"
    },
    "done": true
  },
  "securitycraft:recipes/securitycraft/reinforced_jungle_fence_gate": {
    "criteria": {
      "has_stick": "2024-05-18 23:25:52 +0000"
    },
    "done": true
  },
  "pixelmon:recipes/pokeball/lid/heavy_ball_lid": {
    "criteria": {
      "has_ultra_ball": "2024-05-18 23:13:31 +0000"
    },
    "done": true
  },
  "pixelmon:recipes/decor/household_items/mug_ball": {
    "criteria": {
      "has_poke_ball": "2024-05-18 23:13:19 +0000"
    },
    "done": true
  },
  "securitycraft:recipes/securitycraft/reinforced_andesite": {
    "criteria": {
      "has_cobblestone": "2024-05-18 23:28:33 +0000"
    },
    "done": true
  },
  "securitycraft:recipes/securitycraft/smart_module": {
    "criteria": {
      "has_iron": "2024-05-18 23:24:13 +0000"
    },
    "done": true
  },
  "pixelmon:recipes/pokeball/lid/luxury_ball_lid": {
    "criteria": {
      "has_ultra_ball": "2024-05-18 23:13:31 +0000"
    },
    "done": true
  },
  "pixelmon:recipes/pokeball/lid/moon_ball_lid": {
    "criteria": {
      "has_ultra_ball": "2024-05-18 23:13:31 +0000"
    },
    "done": true
  },
  "minecraft:recipes/tools/golden_axe": {
    "criteria": {
      "has_gold_ingot": "2024-05-18 23:24:13 +0000"
    },
    "done": true
  },
  "securitycraft:recipes/securitycraft/block_change_detector": {
    "criteria": {
      "has_iron": "2024-05-18 23:24:13 +0000"
    },
    "done": true
  },
  "minecraft:recipes/tools/iron_axe": {
    "criteria": {
      "has_iron_ingot": "2024-05-18 23:24:13 +0000"
    },
    "done": true
  },
  "pixelmon:recipes/decor/healer/pink_healer_dyed": {
    "criteria": {
      "has_the_recipe": "2024-05-18 23:28:35 +0000"
    },
    "done": true
  },
  "pixelmon:recipes/decor/household_items/end_table": {
    "criteria": {
      "has_crafting_table": "2024-05-18 23:13:25 +0000"
    },
    "done": true
  },
  "minecraft:recipes/combat/golden_helmet": {
    "criteria": {
      "has_gold_ingot": "2024-05-18 23:24:13 +0000"
    },
    "done": true
  },
  "securitycraft:recipes/securitycraft/floor_trap": {
    "criteria": {
      "has_iron": "2024-05-18 23:24:13 +0000"
    },
    "done": true
  },
  "securitycraft:recipes/securitycraft/reinforced_acacia_fence": {
    "criteria": {
      "has_stick": "2024-05-18 23:25:52 +0000"
    },
    "done": true
  },
  "pixelmon:recipes/decor/healer/blue_healer": {
    "criteria": {
      "has_diamond": "2024-05-18 23:28:35 +0000"
    },
    "done": true
  },
  "minecraft:recipes/combat/iron_boots": {
    "criteria": {
      "has_iron_ingot": "2024-05-18 23:24:13 +0000"
    },
    "done": true
  },
  "securitycraft:recipes/securitycraft/laser_block": {
    "criteria": {
      "has_stone": "2024-05-18 23:28:33 +0000"
    },
    "done": true
  },
  "minecraft:story/iron_tools": {
    "criteria": {
      "iron_pickaxe": "2024-05-18 23:25:52 +0000"
    },
    "done": true
  },
  "pixelmon:recipes/equipment/vanilla/diamond_hammer": {
    "criteria": {
      "has_diamond": "2024-05-18 23:28:35 +0000"
    },
    "done": true
  },
  "minecraft:recipes/building_blocks/oak_wood": {
    "criteria": {
      "has_log": "2024-05-18 23:25:34 +0000"
    },
    "done": true
  },
  "minecraft:story/root": {
    "criteria": {
      "crafting_table": "2024-05-18 23:13:25 +0000"
    },
    "done": true
  },
  "minecraft:recipes/combat/iron_chestplate": {
    "criteria": {
      "has_iron_ingot": "2024-05-18 23:24:13 +0000"
    },
    "done": true
  },
  "minecraft:recipes/combat/crossbow": {
    "criteria": {
      "has_iron_ingot": "2024-05-18 23:24:13 +0000"
    },
    "done": true
  },
  "pixelmon:recipes/decor/household_items/washing_machine": {
    "criteria": {
      "has_water_bucket": "2024-05-18 23:35:30 +0000"
    },
    "done": true
  },
  "pixelmon:recipes/machines/trade_machine/trade_panel": {
    "criteria": {
      "has_poke_ball": "2024-05-18 23:13:19 +0000"
    },
    "done": true
  },
  "pixelmon:recipes/decor/healer/orange_healer": {
    "criteria": {
      "has_diamond": "2024-05-18 23:28:35 +0000"
    },
    "done": true
  },
  "minecraft:recipes/food/cooked_rabbit": {
    "criteria": {
      "has_rabbit": "2024-05-18 23:21:19 +0000"
    },
    "done": true
  },
  "pixelmon:recipes/decor/healer/gray_healer_dyed": {
    "criteria": {
      "has_the_recipe": "2024-05-18 23:28:35 +0000"
    },
    "done": true
  },
  "minecraft:recipes/misc/iron_nugget_from_blasting": {
    "criteria": {
      "has_chainmail_helmet": "2024-05-18 23:24:13 +0000"
    },
    "done": true
  },
  "securitycraft:recipes/securitycraft/reinforced_diorite": {
    "criteria": {
      "has_cobblestone": "2024-05-18 23:28:33 +0000"
    },
    "done": true
  },
  "securitycraft:recipes/securitycraft/trophy_system": {
    "criteria": {
      "has_iron": "2024-05-18 23:24:13 +0000"
    },
    "done": true
  },
  "pixelmon:recipes/repel": {
    "criteria": {
      "has_ingot": "2024-05-18 23:24:13 +0000"
    },
    "done": true
  },
  "securitycraft:recipes/securitycraft/camera_monitor": {
    "criteria": {
      "has_iron": "2024-05-18 23:24:13 +0000"
    },
    "done": true
  },
  "pixelmon:recipes/pokeball/base/iron_base": {
    "criteria": {
      "has_ingot": "2024-05-18 23:13:19 +0000"
    },
    "done": true
  },
  "minecraft:recipes/tools/golden_pickaxe": {
    "criteria": {
      "has_gold_ingot": "2024-05-18 23:24:13 +0000"
    },
    "done": true
  },
  "pixelmon:recipes/decor/healer/black_healer_dyed": {
    "criteria": {
      "has_the_recipe": "2024-05-18 23:28:35 +0000"
    },
    "done": true
  },
  "pixelmon:recipes/lures/lure_shiny_strong": {
    "criteria": {
      "has_case_recipe": "2024-05-18 23:24:13 +0000"
    },
    "done": true
  },
  "pixelmon:recipes/pokeball/lid/timer_ball_lid": {
    "criteria": {
      "has_ultra_ball": "2024-05-18 23:13:31 +0000"
    },
    "done": true
  },
  "pixelmon:specs/spec_trigger": {
    "criteria": {
      "unown_capture_all": "2024-05-18 23:18:50 +0000",
      "eeveelution_capture_all": "2024-05-18 23:18:50 +0000",
      "minior_capture_all": "2024-05-18 23:18:50 +0000"
    },
    "done": true
  },
  "securitycraft:recipes/securitycraft/limited_use_keycard": {
    "criteria": {
      "has_iron": "2024-05-18 23:24:13 +0000"
    },
    "done": true
  },
  "pixelmon:recipes/decor/household_items/fan": {
    "criteria": {
      "has_aluminum": "2024-05-18 23:24:13 +0000"
    },
    "done": true
  },
  "pixelmon:recipes/pokeball/base/wooden_base": {
    "criteria": {
      "has_slab": "2024-05-18 23:13:19 +0000"
    },
    "done": true
  },
  "minecraft:recipes/building_blocks/stone": {
    "criteria": {
      "has_cobblestone": "2024-05-18 23:28:33 +0000"
    },
    "done": true
  },
  "pixelmon:recipes/decor/healer/light_blue_healer_dyed": {
    "criteria": {
      "has_the_recipe": "2024-05-18 23:28:35 +0000"
    },
    "done": true
  },
  "pixelmon:balls/ultra_ball_capture": {
    "criteria": {
      "ultra_ball_capture": "2024-05-18 23:18:50 +0000"
    },
    "done": true
  },
  "pixelmon:recipes/pokeball/lid/level_ball_lid": {
    "criteria": {
      "has_ultra_ball": "2024-05-18 23:13:31 +0000"
    },
    "done": true
  },
  "pixelmon:recipes/pokeball/lid/ancient_poke_ball_lid": {
    "criteria": {
      "has_ingot": "2024-05-18 23:24:13 +0000"
    },
    "done": true
  },
  "minecraft:adventure/adventuring_time": {
    "criteria": {
      "minecraft:forest": "2024-05-18 23:29:50 +0000",
      "minecraft:desert_hills": "2024-05-18 23:20:24 +0000",
      "minecraft:desert": "2024-05-18 23:12:36 +0000",
      "minecraft:beach": "2024-05-18 23:12:04 +0000",
      "minecraft:river": "2024-05-18 23:14:42 +0000"
    },
    "done": false
  },
  "minecraft:recipes/redstone/iron_door": {
    "criteria": {
      "has_iron_ingot": "2024-05-18 23:24:13 +0000"
    },
    "done": true
  },
  "securitycraft:recipes/securitycraft/whitelist_module": {
    "criteria": {
      "has_iron": "2024-05-18 23:24:13 +0000"
    },
    "done": true
  },
  "minecraft:recipes/combat/stone_sword": {
    "criteria": {
      "has_cobblestone": "2024-05-18 23:28:33 +0000"
    },
    "done": true
  },
  "securitycraft:recipes/securitycraft/reinforced_warped_fence": {
    "criteria": {
      "has_stick": "2024-05-18 23:25:52 +0000"
    },
    "done": true
  },
  "minecraft:recipes/decorations/cobblestone_wall": {
    "criteria": {
      "has_cobblestone": "2024-05-18 23:28:33 +0000"
    },
    "done": true
  },
  "minecraft:recipes/tools/stone_pickaxe": {
    "criteria": {
      "has_cobblestone": "2024-05-18 23:28:33 +0000"
    },
    "done": true
  },
  "pixelmon:recipes/decor/gym_signs/purple_gym_sign": {
    "criteria": {
      "has_ingot": "2024-05-18 23:24:13 +0000"
    },
    "done": true
  },
  "minecraft:recipes/decorations/smithing_table": {
    "criteria": {
      "has_iron_ingot": "2024-05-18 23:24:13 +0000"
    },
    "done": true
  },
  "pixelmon:recipes/lures/lure_casing_weak": {
    "criteria": {
      "has_iron_ingot": "2024-05-18 23:24:13 +0000"
    },
    "done": true
  },
  "pixelmon:recipes/decor/household_items/fridge": {
    "criteria": {
      "has_aluminum": "2024-05-18 23:24:13 +0000"
    },
    "done": true
  },
  "pixelmon:recipes/decor/healer/white_healer_dyed": {
    "criteria": {
      "has_the_recipe": "2024-05-18 23:28:35 +0000"
    },
    "done": true
  },
  "minecraft:husbandry/plant_seed": {
    "criteria": {
      "wheat": "2024-05-18 23:34:22 +0000"
    },
    "done": true
  },
  "securitycraft:recipes/securitycraft/motion_activated_light": {
    "criteria": {
      "has_stick": "2024-05-18 23:25:52 +0000"
    },
    "done": true
  },
  "minecraft:recipes/transportation/jungle_boat": {
    "criteria": {
      "in_water": "2024-05-18 23:14:31 +0000"
    },
    "done": true
  },
  "minecraft:recipes/decorations/cobblestone_wall_from_cobblestone_stonecutting": {
    "criteria": {
      "has_cobblestone": "2024-05-18 23:28:33 +0000"
    },
    "done": true
  },
  "pixelmon:recipes/decor/healer/orange_healer_dyed": {
    "criteria": {
      "has_the_recipe": "2024-05-18 23:28:35 +0000"
    },
    "done": true
  },
  "securitycraft:recipes/securitycraft/mine": {
    "criteria": {
      "has_iron": "2024-05-18 23:24:13 +0000"
    },
    "done": true
  },
  "pixelmon:recipes/pokeball/ball/dream_ball_new": {
    "criteria": {
      "has_dusk_ball": "2024-05-18 23:21:24 +0000"
    },
    "done": true
  },
  "pixelmon:recipes/decor/gym_signs/brown_gym_sign": {
    "criteria": {
      "has_ingot": "2024-05-18 23:24:13 +0000"
    },
    "done": true
  },
  "minecraft:recipes/redstone/heavy_weighted_pressure_plate": {
    "criteria": {
      "has_iron_ingot": "2024-05-18 23:24:13 +0000"
    },
    "done": true
  },
  "minecraft:recipes/building_blocks/diamond_block": {
    "criteria": {
      "has_diamond": "2024-05-18 23:28:35 +0000"
    },
    "done": true
  },
  "pixelmon:specs/spheal_jump_capture_all": {
    "criteria": {
      "0": "2024-05-18 23:18:50 +0000"
    },
    "done": false
  },
  "minecraft:recipes/transportation/dark_oak_boat": {
    "criteria": {
      "in_water": "2024-05-18 23:14:31 +0000"
    },
    "done": true
  },
  "pixelmon:recipes/pokeball/base/silver_base": {
    "criteria": {
      "has_ingot": "2024-05-18 23:13:19 +0000"
    },
    "done": true
  },
  "pixelmon:recipes/decor/healer/purple_healer": {
    "criteria": {
      "has_diamond": "2024-05-18 23:28:35 +0000"
    },
    "done": true
  },
  "securitycraft:recipes/securitycraft/briefcase": {
    "criteria": {
      "has_iron": "2024-05-18 23:24:13 +0000"
    },
    "done": true
  },
  "minecraft:recipes/combat/golden_leggings": {
    "criteria": {
      "has_gold_ingot": "2024-05-18 23:24:13 +0000"
    },
    "done": true
  },
  "minecraft:recipes/decorations/lantern": {
    "criteria": {
      "has_iron_ingot": "2024-05-18 23:24:13 +0000"
    },
    "done": true
  },
  "securitycraft:recipes/securitycraft/reinforced_oak_fence_gate": {
    "criteria": {
      "has_stick": "2024-05-18 23:25:52 +0000"
    },
    "done": true
  },
  "pixelmon:recipes/decor/building_infrastructure/bridge_block": {
    "criteria": {
      "has_logs": "2024-05-18 23:25:34 +0000"
    },
    "done": true
  },
  "pixelmon:recipes/decor/healer/cyan_healer": {
    "criteria": {
      "has_diamond": "2024-05-18 23:28:35 +0000"
    },
    "done": true
  },
  "pixelmon:specs/magikarp_jump_capture_all": {
    "criteria": {
      "0": "2024-05-18 23:18:50 +0000"
    },
    "done": false
  },
  "pixelmon:recipes/equipment/vanilla/gold_hammer": {
    "criteria": {
      "has_gold_ingot": "2024-05-18 23:24:13 +0000"
    },
    "done": true
  },
  "minecraft:recipes/combat/diamond_boots": {
    "criteria": {
      "has_diamond": "2024-05-18 23:28:35 +0000"
    },
    "done": true
  },
  "securitycraft:recipes/securitycraft/reinforced_fence_gate": {
    "criteria": {
      "has_iron": "2024-05-18 23:24:13 +0000"
    },
    "done": true
  },
  "pixelmon:recipes/equipment/vanilla/stone_hammer": {
    "criteria": {
      "has_cobblestone": "2024-05-18 23:28:33 +0000"
    },
    "done": true
  },
  "minecraft:recipes/decorations/soul_campfire": {
    "criteria": {
      "has_stick": "2024-05-18 23:25:52 +0000"
    },
    "done": true
  },
  "minecraft:story/smelt_iron": {
    "criteria": {
      "iron": "2024-05-18 23:24:13 +0000"
    },
    "done": true
  },
  "pixelmon:recipes/pokeball/lid/dive_ball_lid": {
    "criteria": {
      "has_ultra_ball": "2024-05-18 23:13:31 +0000"
    },
    "done": true
  },
  "minecraft:recipes/tools/stone_axe": {
    "criteria": {
      "has_cobblestone": "2024-05-18 23:28:33 +0000"
    },
    "done": true
  },
  "securitycraft:recipes/securitycraft/disguise_module": {
    "criteria": {
      "has_iron": "2024-05-18 23:24:13 +0000"
    },
    "done": true
  },
  "pixelmon:recipes/pokeball/lid/feather_ball_lid": {
    "criteria": {
      "has_ingot": "2024-05-18 23:24:13 +0000"
    },
    "done": true
  },
  "pixelmon:recipes/machines/elevator": {
    "criteria": {
      "has_ingot": "2024-05-18 23:24:13 +0000"
    },
    "done": true
  },
  "securitycraft:recipes/securitycraft/reinforced_dark_oak_fence": {
    "criteria": {
      "has_stick": "2024-05-18 23:25:52 +0000"
    },
    "done": true
  },
  "DataVersion": 2586
}