{
    "implemented": true,
    "name": "flygon",
    "nationalPokedexNumber": 330,
    "primaryType": "ground",
    "secondaryType": "dragon",

    
    
    "abilities": [
        "levitate"
    ],
    "baseStats": {
        "hp": 80,
        "attack": 100,
        "defence": 80,
        "special_attack": 80,
        "special_defence": 80,
        "speed": 100
    },
    "behaviour": {
        "resting": {
            "canSleep": true,
            "depth": "normal",
            "times": "night",
            "light": "0-7"
        },
        "moving": {
            "canLook": true,
            "walk": {
                "canWalk": true,
                "avoidsLand": false
            },
            "fly": {
                "canFly": true
            },
            "swim": {
                "swimSpeed": 0.1,
                "canSwimInWater": true,
                "canBreatheUnderwater": false
            },
            "wanderChance": 1
        }
    },
    "catchRate": 45,
    "maleRatio": 0.5,
    "shoulderMountable": false,
    
    "baseExperienceYield": 197,
    "experienceGroup": "medium_slow",
    "eggCycles": 20,
    "eggGroups": [
        "bug",
        "dragon"
    ],
    "drops": {
        "amount": "1",
        "entries": [
        {"item": "cobblemon:yache_berry", "percentage": 50},
{"item": "cobblemon:dragon_fang", "quantityRange": "1", "percentage": 2.5},
{"item": "cobblemon:dragon_scale", "quantityRange": "1", "percentage": 2.5}
        ]
    },
    
    "moves": [
    "1:astonish",
    "1:bite",
    "1:dig",
    "1:dragondance",
    "1:feint",
    "1:feintattack",
    "1:fissure",
    "1:laserfocus",
    "1:sandattack",
    "1:sandtomb",
    "1:sonicboom",
    "1:superpower",
    "13:mudslap",
    "17:bide",
    "21:bulldoze",
    "25:rockslide",
    "28:bugbuzz",
    "33:crunch",
    "33:earthquake",
    "33:supersonic",
    "35:dragonbreath",
    "39:earthpower",
    "40:uproar",
    "41:screech",
    "45:dragonclaw",
    "47:dragonrush",
    "53:sandstorm",
    "65:dragontail",
    "65:hyperbeam",
    "68:boomburst",
    "tm:aerialace",
    "tm:airslash",
    "tm:attract",
    "tm:bodyslam",
    "tm:breakingswipe",
    "tm:brutalswing",
    "tm:bugbuzz",
    "tm:bulldoze",
    "tm:captivate",
    "tm:confide",
    "tm:crunch",
    "tm:defog",
    "tm:dig",
    "tm:doubleteam",
    "tm:dragonclaw",
    "tm:dragondance",
    "tm:dragonpulse",
    "tm:dragontail",
    "tm:earthpower",
    "tm:earthquake",
    "tm:endure",
    "tm:facade",
    "tm:fireblast",
    "tm:firepunch",
    "tm:firespin",
    "tm:flamethrower",
    "tm:fly",
    "tm:focusenergy",
    "tm:frustration",
    "tm:gigadrain",
    "tm:gigaimpact",
    "tm:heatwave",
    "tm:hiddenpower",
    "tm:honeclaws",
    "tm:hyperbeam",
    "tm:incinerate",
    "tm:irontail",
    "tm:megakick",
    "tm:megapunch",
    "tm:mudshot",
    "tm:naturalgift",
    "tm:outrage",
    "tm:poweruppunch",
    "tm:protect",
    "tm:rest",
    "tm:return",
    "tm:rockslide",
    "tm:rocksmash",
    "tm:rocktomb",
    "tm:roost",
    "tm:round",
    "tm:sandstorm",
    "tm:sandtomb",
    "tm:screech",
    "tm:secretpower",
    "tm:silverwind",
    "tm:sleeptalk",
    "tm:snore",
    "tm:solarbeam",
    "tm:steelwing",
    "tm:stoneedge",
    "tm:strength",
    "tm:strugglebug",
    "tm:substitute",
    "tm:sunnyday",
    "tm:superpower",
    "tm:swagger",
    "tm:swift",
    "tm:throatchop",
    "tm:thunderpunch",
    "tm:toxic",
    "tm:uproar",
    "tm:uturn",
    "tutor:aircutter",
    "tutor:bodyslam",
    "tutor:bugbite",
    "tutor:crunch",
    "tutor:defog",
    "tutor:doubleedge",
    "tutor:dracometeor",
    "tutor:dragonbreath",
    "tutor:dragonclaw",
    "tutor:dragonpulse",
    "tutor:dualwingbeat",
    "tutor:earthpower",
    "tutor:earthquake",
    "tutor:endure",
    "tutor:firepunch",
    "tutor:furycutter",
    "tutor:gigadrain",
    "tutor:headbutt",
    "tutor:heatwave",
    "tutor:irontail",
    "tutor:laserfocus",
    "tutor:mimic",
    "tutor:mudslap",
    "tutor:ominouswind",
    "tutor:outrage",
    "tutor:rockslide",
    "tutor:roost",
    "tutor:sandtomb",
    "tutor:scaleshot",
    "tutor:scorchingsands",
    "tutor:screech",
    "tutor:signalbeam",
    "tutor:sleeptalk",
    "tutor:snore",
    "tutor:substitute",
    "tutor:superpower",
    "tutor:swagger",
    "tutor:swift",
    "tutor:tailwind",
    "tutor:throatchop",
    "tutor:thunderpunch",
    "tutor:twister",
    "tutor:uproar",
    "tutor:uturn"
    ],

    "labels": [
        "custom"
    ],
    "pokedex": [
        "cobblemon.species.flygon.desc1",
        "cobblemon.species.flygon.desc2"
    ],
    
    
    "baseScale": 0.6,
    "hitbox": {
        "width": 1.2,
        "height": 3.6,
        "fixed": false
    },
    "baseFriendship": 70,
    "evYield": {
        "hp": 0,
        "attack": 1,
        "defence": 0,
        "special_attack": 0,
        "special_defence": 0,
        "speed": 2
    },
    "height": 20,
    "weight": 820
}