{
	"format_version": "1.8.0",
	"animations": {
		"animation.trapinch.pose": {
			"loop": true,
			"bones": {
				"bottom_jaw": {
					"rotation": [-2.5, 0, 0],
					"position": [0, 0, 0]
				},
				"top_jaw": {
					"rotation": [-2.5, 0, 0],
					"position": [0, 0, 0]
				},
				"head": {
					"rotation": [-19.10659, -7.99365, -12.73415]
				},
				"front_left_leg": {
					"rotation": [-3.47875, 6.64851, -27.70212]
				},
				"front_left_leg2": {
					"rotation": [0, 0, 27.5]
				},
				"back_left_leg": {
					"rotation": [2.31336, -4.43385, -27.58957]
				},
				"front_right_leg": {
					"rotation": [-3.47875, -6.64851, 27.70212]
				},
				"front_right_leg2": {
					"rotation": [0, 0, -27.5]
				},
				"back_right_leg": {
					"rotation": [4.65468, 8.86042, 27.86082]
				},
				"back_right_leg2": {
					"rotation": [0, 0, -27.5]
				},
				"back_left_leg2": {
					"rotation": [0, 0, 27.5]
				},
				"body": {
					"position": [0, -1, 0]
				}
			}
		},
		"animation.trapinch.ground_idle": {
			"loop": true,
			"bones": {
				"bottom_jaw": {
					"rotation": ["2+math.sin(query.anim_time*90*3+200)", 0, 0],
					"position": [0, 0, 0]
				},
				"top_jaw": {
					"rotation": [0, 0, 0],
					"position": [0, 0, 0]
				},
				"head": {
					"rotation": ["math.sin(query.anim_time*90*3+200)*2", 0, 0]
				},
				"front_left_leg": {
					"rotation": ["-3.4787-math.sin(query.anim_time*90*3+250)*2", 6.64851, -27.70212],
					"position": [0, "math.sin(query.anim_time*90*3+250)*0.1", 0]
				},
				"front_left_leg2": {
					"rotation": [0, 0, 27.5]
				},
				"back_left_leg": {
					"rotation": ["2.3134-math.sin(query.anim_time*90*3+250)*2", -4.43385, -27.58957],
					"position": [0, "-math.sin(query.anim_time*90*3+250)*0.1", 0]
				},
				"front_right_leg": {
					"rotation": ["-3.4787-math.sin(query.anim_time*90*3+250)*2", -6.64851, 27.70212],
					"position": [0, "math.sin(query.anim_time*90*3+250)*0.1", 0]
				},
				"front_right_leg2": {
					"rotation": [0, 0, -27.5]
				},
				"back_right_leg": {
					"rotation": ["4.6547-math.sin(query.anim_time*90*3+250)*2", 8.86042, 27.86082],
					"position": [0, "-math.sin(query.anim_time*90*3+250)*0.1", 0]
				},
				"back_right_leg2": {
					"rotation": [0, 0, -27.5]
				},
				"back_left_leg2": {
					"rotation": [0, 0, 27.5]
				},
				"body": {
					"rotation": ["math.sin(query.anim_time*90*3+250)*2", 0, 0],
					"position": [0, -1, 0]
				}
			}
		},
		"animation.trapinch.sleep": {
			"loop": true,
			"bones": {
				"body": {
					"rotation": ["-1.9586+math.sin(query.anim_time*90+180)*2", -2.4407, -30.01153],
					"position": [0, -2, 0]
				},
				"back_left_leg": {
					"rotation": ["7.2821-math.sin(query.anim_time*90*1+180)*2", -7.87283, 5.73877]
				},
				"back_left_leg2": {
					"rotation": [0, 0, 17.5]
				},
				"back_right_leg": {
					"rotation": ["-math.sin(query.anim_time*90*1+180)*2", 0, -60]
				},
				"front_right_leg": {
					"rotation": ["-math.sin(query.anim_time*90*1+180)*2", 0, -60]
				},
				"front_left_leg": {
					"rotation": ["-6.6595-math.sin(query.anim_time*90*1+180)*2", -6.19849, 14.28599]
				},
				"front_left_leg2": {
					"rotation": [0, 0, 12.5]
				},
				"head": {
					"rotation": [-1.50701, "4.768-math.sin(query.anim_time*90*1+180)*1", -52.56274]
				},
				"eye_left": {
					"position": [-1, 0, 0]
				},
				"closed_eye_left": {
					"position": [1, 0, 0]
				},
				"bottom_jaw": {
					"rotation": ["2.5+math.sin(query.anim_time*90*1+180)*1.5", 0, 0]
				},
				"eye_right": {
					"position": [1, 0, 0]
				},
				"closed_eye_right": {
					"position": [-1, 0, 0]
				}
			}
		},
		"animation.trapinch.burried": {
			"loop": true,
			"bones": {
				"body": {
					"rotation": [-60, 0, 0],
					"position": [0, -8, -1]
				},
				"head": {
					"rotation": [-17.5, 0, 0]
				},
				"bottom_jaw": {
					"rotation": [55, 0, 0]
				},
				"top_jaw": {
					"rotation": [-35, 0, 0]
				},
				"back_left_leg": {
					"rotation": [32.5, 0, 17.5]
				},
				"back_left_leg2": {
					"rotation": [0, 0, 32.5]
				},
				"back_right_leg": {
					"rotation": [32.5, 0, -17.5]
				},
				"back_right_leg2": {
					"rotation": [0, 0, -35]
				},
				"front_right_leg": {
					"rotation": [32.5, 0, -20]
				},
				"front_right_leg2": {
					"rotation": [0, 0, -37.5]
				},
				"front_left_leg": {
					"rotation": [35, 0, 17.5]
				},
				"front_left_leg2": {
					"rotation": [0, 0, 40]
				}
			}
		},
		"animation.trapinch.tilt": {
			"animation_length": 2.75,
			"bones": {
				"head": {
					"rotation": {
						"0.0": {
							"post": [0, 0, -17.5],
							"lerp_mode": "catmullrom"
						},
						"2.5": {
							"post": [0, 0, -17.5],
							"lerp_mode": "catmullrom"
						},
						"2.75": {
							"post": [0, 0, 0],
							"lerp_mode": "catmullrom"
						}
					}
				},
				"eye_left": {
					"position": [0, 0, 0]
				}
			}
		},
		"animation.trapinch.blink": {
			"animation_length": 0.16667,
			"bones": {
				"eye_right": {
					"position": {
						"0.0": [1, 0, 0],
						"0.125": [1, 0, 0],
						"0.1667": [0, 0, 0]
					}
				},
				"eye_left": {
					"position": {
						"0.0": [-1, 0, 0],
						"0.125": [-1, 0, 0],
						"0.1667": [0, 0, 0]
					}
				},
				"closed_eye_right": {
					"position": {
						"0.0": [-1, 0, 0],
						"0.125": [-1, 0, 0],
						"0.1667": [0, 0, 0]
					}
				},
				"closed_eye_left": {
					"position": {
						"0.0": [1, 0, 0],
						"0.125": [1, 0, 0],
						"0.1667": [0, 0, 0]
					}
				}
			}
		},
		"animation.trapinch.ground_walk": {
			"loop": true,
			"bones": {
				"bottom_jaw": {
					"rotation": ["math.sin(query.anim_time*90*16+180)*1", 0, 0],
					"position": [0, 0, 0]
				},
				"top_jaw": {
					"rotation": [-2.5, 0, 0],
					"position": [0, 0, 0]
				},
				"head": {
					"rotation": ["math.sin(query.anim_time*90*16+230)*1", 0, 0]
				},
				"front_left_leg": {
					"rotation": [
						"-3.47-math.sin(query.anim_time*90*8+180)*15",
						"6.648+math.sin(query.anim_time*90*8+180)*10",
						"-27.7-math.clamp(math.sin(query.anim_time*90*8+250)*20,0,20)"
					]
				},
				"front_left_leg2": {
					"rotation": [0, 0, 27.5]
				},
				"back_left_leg": {
					"rotation": [
						"4.6547+math.sin(query.anim_time*90*8+160)*15",
						"-8.8604-math.sin(query.anim_time*90*8+160)*10",
						"-27.8608+math.clamp(math.sin(query.anim_time*90*8+250)*20,-20,0)"
					]
				},
				"front_right_leg": {
					"rotation": [
						"-3.4787+math.sin(query.anim_time*90*8+180)*15",
						"-6.6485+math.sin(query.anim_time*90*8+180)*10",
						"27.7021-math.clamp(math.sin(query.anim_time*90*8+250)*20,-20,0)"
					]
				},
				"front_right_leg2": {
					"rotation": [0, 0, -27.5]
				},
				"back_right_leg": {
					"rotation": [
						"4.6547-math.sin(query.anim_time*90*8+160)*15",
						"8.8604-math.sin(query.anim_time*90*8+160)*10",
						"27.8608+math.clamp(math.sin(query.anim_time*90*8+250)*20,0,20)"
					]
				},
				"back_right_leg2": {
					"rotation": [0, 0, -27.5]
				},
				"back_left_leg2": {
					"rotation": [0, 0, 27.5]
				},
				"body": {
					"rotation": ["math.sin(query.anim_time*90*16+180)*1", "math.sin(query.anim_time*90*8+180)*3", 0],
					"position": [0, "-1+math.sin(query.anim_time*90*8+150)*0.1", 0]
				}
			}
		}
	}
}